1,14.04199002,1.027334229,388.7333863,-1.042832131,-4.76E-23,0.000329609,-1.083201862,-9.83E-23,1.027334229,0.590221247,1.885847704,0,0,0,0,0,0,0,0,0,0,0,0,0,0,0,1,-5.65E-05,0,1,0.000543324,0,1,0.00094943,0,1,0.001201663,0,1,0.001312849,0,388.6956,-2.689839567,1.19E-21,0.060470246,0.000148239,-1.51E-24,1.016698394,2.453446959,4.556333497,1,0.001229684,0,1,0.001440514,0,1,0.00160692,0,1,0.001731169,0,1,0.001772673,0,1,0.002640361,0,1,0.003019773,0,1,-0.08834941,0,1,0.005012081,0,1,0.00375714,0,0.288128107,0.161143313,1,4.556140611,0.999971949,-0.007279332,0,0.99997815,-0.008361162,0,1,-0.006368279,0,1,-0.003145426,0,1,-0.000371734,0
2,13.51251533,1.025889264,388.8609346,-0.972599934,-4.78E-24,0.149726997,-1.110338516,-1.26E-23,1.025889264,0.53349725,1.800291874,0,0,0,0,0,0,0,0,0,0,0,0,0,0,0,0.995095171,-0.001261477,0,0.993912972,-0.001512855,0,0.992969536,-0.00161132,0,0.992221099,-0.001621591,0,0.99150004,-0.001630355,0,389.0773706,-2.568045471,1.41E-21,0.07418163,-0.001276476,-6.40E-23,1.015857312,2.335349092,4.421798951,0.986076631,-0.0013972,0,0.986389636,-0.001631555,0,0.986849074,-0.001837333,0,0.987429096,-0.001976057,0,0.988224557,-0.002086026,0,0.97557307,-0.00212493,0,0.978088428,-0.001214451,0,0.991587713,0.20537346,0,0.985626325,0.000614084,0,0.990583545,0.002383533,0,0.309231034,0.20376965,1,4.421578166,0.998037626,0.003753092,0,0.997989216,0.004578694,0,0.99814774,0.004253462,0,0.997875541,0.003273064,0,0.997063431,0.002250076,0
3,12.98407664,1.024819331,388.9272838,-0.989472282,3.87E-22,0.210193266,-1.069047644,-2.30E-22,1.024819331,0.558381289,1.739134742,0,0,0,0,0,0,0,0,0,0,0,0,0,0,0,1,0.000721831,0,1,0.00107398,0,1,0.001317469,0,1,0.001493234,0,1,0.001634157,0,389.2344599,-2.487893595,1.43E-21,0.081154994,0.010290868,-6.87E-22,1.014918601,2.300244589,4.19269905,1,0.00270207,0,1,0.002665045,0,1,0.002597326,0,1,0.002492997,0,1,0.002343418,0,1,0.004779962,0,1,0.004929982,0,1,0.004997685,0,1,-0.004394708,0,1,0.003822224,0,0.430657873,0.413022,1,4.193616974,1,-0.001640141,0,1,-0.001093464,0,1,-0.000328795,0,1,0.000425994,0,1,0.00105656,0
4,13.16175083,1.025182735,388.8525867,-0.981477668,1.07E-21,0.134380975,-1.106844406,1.45E-21,1.025182735,0.542181273,1.78081335,0,0,0,0,0,0,0,0,0,0,0,0,0,0,0,0.997757576,-0.000194433,0,0.997347456,-0.00027299,0,0.997034713,-0.000324624,0,0.99679072,-0.000354886,0,0.996600829,-0.000371464,0,389.0329571,-2.568313026,-8.06E-21,0.070754635,-0.002016969,-2.04E-21,1.015165319,2.322670103,4.258180021,0.994980943,-0.000466584,0,0.994996787,-0.000483223,0,0.995061928,-0.000495505,0,0.995180207,-0.000500569,0,0.995358821,-0.000496533,0,0.991431068,-0.000829919,0,0.992177092,-0.003654803,0,0.993194229,-0.00090105,0,0.994504561,-0.000947253,0,0.996107281,-0.000865433,0,0.419132206,0.540192406,1,4.257906081,0.999508553,0.000587093,0,0.999605841,0.00035558,0,0.999452148,8.92E-05,0,0.999160176,-0.000129192,0,0.998798838,-0.000281313,0
5,15.51690291,1.03116808,388.5364079,-0.92299872,-5.67E-24,-0.230072491,-1.186894095,6.22E-25,1.03116808,0.50099382,2.226564222,0,0,0,0,0,0,0,0,0,0,0,0,0,0,0,1,-0.011145609,0,1,-0.012007472,0,1,-0.01263706,0,1,-0.013149001,0,1,-0.013594551,0,387.9879066,-2.883097396,-1.34E-22,0.016262021,-0.010755033,5.66E-23,1.018926368,2.767907994,5.008593325,1,-0.018370031,0,1,-0.018404915,0,1,-0.018257828,0,1,-0.017940573,0,1,-0.017466464,0,1,-0.031590003,0,1,-0.028452347,0,1,-0.023238633,0,1,-0.016215217,0,1,-0.008385569,0,0.206285714,1.068558909,1,5.012843546,1,-0.00131474,0,1,-0.003157459,0,1,-0.002325392,0,1,-0.001334437,0,1,-0.001884807,0
6,13.66570008,1.026504135,388.8095884,-0.998020052,-6.60E-23,0.086260485,-1.104078325,-9.25E-23,1.026504135,0.55262468,1.815369613,0,0,0,0,0,0,0,0,0,0,0,0,0,0,0,1,0.001048288,0,1,0.001371949,0,1,0.001576719,0,1,0.001705881,0,1,0.001750263,0,388.9240464,-2.610540475,1.25E-21,0.069638028,-0.001085012,-1.71E-23,1.016248003,2.369009601,4.465080125,1,0.001771213,0,1,0.001933389,0,1,0.002078151,0,1,0.002183585,0,1,0.002258754,0,1,0.003085687,0,1,0.002847909,0,1,0.002850978,0,1,0.002795421,0,1,0.001914451,0,0.302521145,1.186906189,1,4.463616066,1,-0.003186279,0,1,-0.003552878,0,1,-0.002652729,0,1,-0.001269211,0,1,-5.76E-05,0
7,12.19563192,1.022673254,388.6009701,-0.994962145,-1.96E-22,0.012764142,-1.054105243,2.24E-22,1.022673254,0.639570478,1.390859981,0,0,0,0,0,0,0,0,0,0,0,0,0,0,0,1,-0.000287626,0,1,-0.000313792,0,1,-0.000345052,0,1,-0.000385987,0,1,-0.000439119,0,389.0053543,-2.308474514,1.77E-21,0.164329441,0.000338599,-4.94E-22,1.014068211,2.119894738,4.022941725,1,-0.001638684,0,1,-0.001349587,0,1,-0.001105946,0,1,-0.000902635,0,1,-0.000736554,0,1,-0.003762496,0,1,-0.005131906,0,0.999784281,-0.006883548,0,0.997251732,0.141717483,0,0.996519999,-0.012231551,0,0.411647775,1.317000986,1,4.022365002,1,-0.004620094,0,1,-0.006024118,0,0.999808776,-0.006589995,0,0.999222653,-0.006536663,0,0.998777554,-0.006134864,0
8,13.01057479,1.02492196,388.9099265,-0.974831278,4.84E-22,0.198640006,-1.088435798,-1.07E-21,1.02492196,0.542860756,1.726702929,0,0,0,0,0,0,0,0,0,0,0,0,0,0,0,1,-0.000157428,0,1,0.000407749,0,1,0.000650657,0,1,0.000824717,0,1,0.000933987,0,389.1967443,-2.501585896,1.61E-21,0.079205428,0.005758388,-6.08E-22,1.015012253,2.316348807,4.212197992,0.999988627,0.000249374,0,0.999990666,0.0007078,0,1,0.001048257,0,1,0.001260874,0,1,0.001334844,0,0.999974948,-0.001333055,0,0.999970509,-0.003552491,0,0.999967233,-0.006717439,0,0.999965994,-0.011683026,0,0.999968405,-0.019636486,0,0.43444636,1.427753147,1,4.212464307,1,-0.013864202,0,1,-0.015939152,0,1,-0.015680582,0,0.999989706,-0.014058995,0,0.999987583,-0.011921302,0
9,12.98722572,1.024830922,388.9333711,-0.986573718,1.20E-22,0.218083127,-1.06791489,-1.82E-22,1.024830922,0.556801227,1.732311594,0,0,0,0,0,0,0,0,0,0,0,0,0,0,0,1,0.000467624,0,1,0.000648134,0,1,0.000775186,0,1,0.00086184,0,1,0.000925028,0,389.2530351,-2.479518986,1.37E-21,0.081677193,0.009277777,-7.12E-22,1.014971811,2.29008805,4.203935654,1,0.001389515,0,1,0.001395346,0,1,0.001384209,0,1,0.00135263,0,1,0.001296522,0,1,0.002382431,0,1,0.002368467,0,1,0.00230934,0,1,0.002106735,0,1,0.001533816,0,0.425978534,1.393300374,1,4.204089199,1,-0.000969155,0,1,-0.000754206,0,1,-0.000387703,0,1,-2.49E-06,0,1,0.000332008,0
10,13.17114203,1.025293814,388.8449546,-0.992828041,3.01E-21,0.122412446,-1.099655102,-2.34E-21,1.025293814,0.551863113,1.783760337,0,0,0,0,0,0,0,0,0,0,0,0,0,0,0,1,0.00013964,0,1,0.000276815,0,1,0.000371562,0,1,0.000430771,0,1,0.000473758,0,389.007687,-2.574052055,-8.45E-21,0.070998328,0.00067645,-2.12E-21,1.01519772,2.335325301,4.249858912,1,0.000719609,0,1,0.000725027,0,1,0.000720935,0,1,0.000703992,0,1,0.000669862,0,1,0.001370098,0,1,0.001486971,0,1,-0.014232105,0,1,0.001839328,0,1,0.001719558,0,0.413953299,1.554064278,1,4.250334365,1,-0.00121794,0,1,-0.000736847,0,1,-0.000199332,0,1,0.000243807,0,1,0.000549098,0
11,13.98665333,1.027301954,388.7356764,-0.994361051,-4.96E-23,0.007625935,-1.122008814,-1.14E-22,1.027301954,0.54748402,1.857430332,0,0,0,0,0,0,0,0,0,0,0,0,0,0,0,0.999947482,-0.006013315,0,0.999943638,-0.005798215,0,0.999942377,-0.005635826,0,0.999941742,-0.00555463,0,0.999941629,-0.005480644,0,388.7128721,-2.678260068,1.06E-21,0.059398483,-0.007475651,2.87E-23,1.016754494,2.446065188,4.571558773,0.999945566,-0.006335219,0,0.999941275,-0.006590976,0,0.999937386,-0.006806162,0,0.999933883,-0.006995749,0,0.999931035,-0.007165706,0,0.999923746,-0.010159481,0,0.999927443,-0.007567275,0,0.999931542,-0.00413003,0,0.999936544,-0.000730201,0,0.999945283,0.000249075,0,0.288876443,2.162792462,1,4.564115016,0.999994711,-0.005840249,0,0.999994084,-0.007421051,0,0.999991083,-0.0061641,0,0.999984311,-0.003606136,0,0.999976443,-0.001354213,0
12,13.59960891,1.026348497,388.8221642,-0.991903583,-6.26E-23,0.102524198,-1.104705214,-7.58E-23,1.026348497,0.548511127,1.82117856,0,0,0,0,0,0,0,0,0,0,0,0,0,0,0,0.999928774,-0.000221271,0,0.99991558,-7.40E-05,0,0.999905523,2.21E-05,0,0.999897601,6.87E-05,0,0.999891372,9.35E-05,0,388.9683193,-2.592943714,1.31E-21,0.073621212,0.004034776,-3.58E-23,1.016077926,2.369632076,4.430124236,0.999838782,0.000126013,0,0.999839391,0.000135023,0,0.99984161,0.000139756,0,0.999845552,0.000155275,0,0.999851443,0.000141553,0,0.99971883,0.000365146,0,0.999745071,0.000535628,0,0.999781037,-0.015105104,0,0.99982731,0.000906715,0,0.999882572,0.000511334,0,0.307669272,2.194445859,1,4.430162915,0.999979274,-0.001489101,0,0.999979743,-0.001718739,0,0.99997914,-0.001412006,0,0.999973668,-0.000796671,0,0.999963548,-0.000261019,0
13,12.19971074,1.022794156,388.5916674,-0.950020715,1.80E-21,-0.05265664,-1.086851615,2.79E-21,1.022794156,0.59964567,1.489805436,0,0,0,0,0,0,0,0,0,0,0,0,0,0,0,0.999999855,-6.72E-05,0,0.999999099,-5.16E-05,0,0.999997031,-3.72E-05,0,0.999982616,-2.29E-05,0,0.999958097,-8.36E-06,0,388.9930738,-2.311152777,1.74E-21,0.166297328,0.005385724,-5.23E-22,1.013995453,2.100345355,3.995055314,0.999758702,0.000177906,0,0.999787013,0.000128657,0,0.999820592,8.56E-05,0,0.999858994,4.79E-05,0,0.999901623,1.43E-05,0,0.999738536,0.000409435,0,0.999972032,0.000619859,0,1,0.000871514,0,1,-0.021992132,0,1,0.001585188,0,0.418189266,2.326254119,1,4.014858964,1,0.000593286,0,1,0.00077268,0,1,0.000847513,0,1,0.000843568,0,1,0.00079393,0
14,13.02157819,1.024888541,388.902157,-1.003426809,6.08E-22,0.179597801,-1.069256772,-4.63E-22,1.024888541,0.567645771,1.717242988,0,0,0,0,0,0,0,0,0,0,0,0,0,0,0,1,0.000820125,0,1,0.001393761,0,1,0.001725844,0,1,0.001977316,0,1,0.002176393,0,389.1583039,-2.517164514,1.57E-21,0.076589202,0.002092085,-6.32E-22,1.015046624,2.298141337,4.218226456,1,0.003257765,0,1,0.003365612,0,1,0.003394192,0,1,0.003334808,0,1,0.003172901,0,1,0.005262684,0,1,0.004743803,0,1,0.003817206,0,1,-0.037610576,0,1,-0.001884409,0,0.435467407,2.460635931,1,4.220321633,1,-0.006902126,0,1,-0.00692714,0,1,-0.005851263,0,1,-0.004316618,0,1,-0.002778399,0
15,13.00482918,1.024888847,388.9380922,-0.97914637,-2.17E-22,0.226146739,-1.071092491,-1.11E-22,1.024888847,0.550771879,1.735173258,0,0,0,0,0,0,0,0,0,0,0,0,0,0,0,1,3.24E-05,0,1,4.49E-05,0,1,5.43E-05,0,1,6.14E-05,0,1,6.72E-05,0,389.2705474,-2.472312443,1.30E-21,0.082399762,0.009482745,-7.37E-22,1.015033081,2.285861406,4.216497361,1,0.000119352,0,1,0.000114684,0,1,0.00010943,0,1,0.000103314,0,1,9.61E-05,0,1,0.000228978,0,1,0.000248295,0,1,0.000268238,0,1,0.00028431,0,1,0.000282573,0,0.417881378,2.369125107,1,4.216525275,1,0,0,1,3.74E-05,0,1,7.21E-05,0,1,9.85E-05,0,1,0.000116069,0
16,13.32341563,1.025612775,388.8220923,-0.996590163,-5.83E-22,0.097653034,-1.102603756,-2.71E-22,1.025612775,0.553208043,1.818072109,0,0,0,0,0,0,0,0,0,0,0,0,0,0,0,0.998771287,-0.002129868,0,0.99853081,-0.001818033,0,0.998378403,-0.001624222,0,0.998177242,-0.001458266,0,0.998008259,-0.001237315,0,388.9494348,-2.596979122,-8.80E-21,0.07065495,0.004703769,-2.21E-21,1.015355174,2.375802723,4.286152656,0.997348001,5.72E-05,0,0.997408301,-0.000238301,0,0.997467286,-0.000551286,0,0.997578808,-0.000862853,0,0.997700395,-0.00122466,0,0.996794867,0.00132324,0,0.997059837,0.002797923,0,0.997688498,-0.363577558,0,0.997537776,0.006028361,0,0.997928724,0.006130383,0,0.410482559,2.564813354,1,4.290180096,1,-0.003977643,0,1,-0.002128158,0,0.999693346,-0.000435768,0,0.99937248,0.000981234,0,0.999026667,0.001973273,0
17,14.2177348,1.027858216,388.6712618,-0.998019577,4.88E-21,-0.068160134,-1.127262457,8.04E-21,1.027858216,0.552204904,1.961640977,0,0,0,0,0,0,0,0,0,0,0,0,0,0,0,1,-0.00400308,0,1,-0.004146025,0,1,-0.004278102,0,1,-0.004442579,0,1,-0.004631358,0,388.490304,-2.744380427,-1.04E-19,0.046802082,-0.006236494,4.18E-22,1.01686624,2.522953989,4.589721511,1,-0.007225111,0,1,-0.007036978,0,1,-0.006809334,0,1,-0.006546283,0,1,-0.006257197,0,1,-0.012768618,0,1,-0.011830021,0,1,-0.009941369,0,1,-0.007579618,0,1,-0.005990916,0,0.20740254,2.826108002,1,4.591213416,1,-0.002813217,0,0.999987935,-0.005970804,0,1,-0.005478398,0,1,-0.004151433,0,1,-0.003223691,0
18,14.16264237,1.026813247,387.8402591,-0.091703262,1.45E-14,-1.182939332,-0.317522292,4.99E-13,1.026813247,0.923452599,1.615568055,0,0,0,0,0,0,0,0,0,0,0,0,0,0,0,1,0.009992189,0,1,0.110784141,0,1,0.112210816,0,1,0.107998853,0,1,0.102867657,0,387.3078737,-1.944380881,3.38E-23,0.169902932,-0.151809534,-5.71E-24,1.016647729,2.531842315,4.554334791,1,0.081087015,0,1,0.095045445,0,1,0.109100315,0,1,0.12279248,0,1,0.136296115,0,1,0.099765671,0,1,0.078770465,0,1,0.044542782,0,1,0.055217625,0,1,0.031913068,0,0.206395766,3.057157908,1,4.53744461,1,0.001422861,0,1,-0.003415172,0,1,0.000367822,0,1,0.00956622,0,1,0.01397059,0
19,13.89181813,1.027084778,388.7574861,-0.988259579,-4.79E-23,0.030754837,-1.124327152,-1.07E-22,1.027084778,0.541847399,1.856537941,0,0,0,0,0,0,0,0,0,0,0,0,0,0,0,1,-0.004034462,0,1,-0.003690267,0,1,-0.003448365,0,1,-0.003307114,0,1,-0.003208381,0,388.7755588,-2.660221932,1.13E-21,0.063032067,-0.004054243,1.28E-23,1.016575382,2.431170002,4.530191355,1,-0.003482227,0,1,-0.003655891,0,1,-0.003807308,0,1,-0.003951613,0,1,-0.004096656,0,1,-0.00530783,0,1,-0.003512702,0,1,-0.002827887,0,1,0.000923831,0,1,0.000785847,0,0.292222022,3.168953751,1,4.532071434,1,-0.005632466,0,1,-0.006880564,0,1,-0.005671853,0,1,-0.003341128,0,1,-0.00123979,0
20,13.51407752,1.026075042,388.8497476,-0.983930958,-4.08E-23,0.133514039,-1.103328276,-4.94E-23,1.026075042,0.543092622,1.811503306,0,0,0,0,0,0,0,0,0,0,0,0,0,0,0,0.998427177,-0.00011332,0,0.99813547,-0.000166284,0,0.997913083,-0.000202526,0,0.997739816,-0.000224689,0,0.997603929,-0.00023534,0,389.0450292,-2.568678877,1.36E-21,0.076107845,0.005870143,-5.25E-23,1.0158933,2.354298848,4.402651293,0.996475672,-0.000263946,0,0.996484088,-0.000284152,0,0.996528067,-0.000299568,0,0.996610438,-0.000308908,0,0.996736001,-0.000311039,0,0.993855411,-0.000455673,0,0.99443471,-0.000415228,0,0.995227913,-0.001955534,0,0.996246478,-0.000279153,0,0.997452818,5.18E-06,0,0.315219183,3.206878958,1,4.402531452,0.999553938,0.000642851,0,0.999558693,0.00072573,0,0.999543641,0.000611952,0,0.999426606,0.000408911,0,0.999209599,0.000209981,0
21,13.00467977,1.024844689,388.9223237,-1.001450908,5.58E-22,0.200141535,-1.06206263,-2.91E-22,1.024844689,0.56839503,1.73847233,0,0,0,0,0,0,0,0,0,0,0,0,0,0,0,0.999737477,0.00057351,0,0.999791184,0.001064411,0,0.999855449,0.00140698,0,0.999915644,0.001693669,0,1,0.001953961,0,389.2153153,-2.496931688,1.49E-21,0.080723896,0.011125259,-6.63E-22,1.014921177,2.310445563,4.192557055,1,0.004179476,0,1,0.003940462,0,1,0.003669707,0,1,0.003357647,0,1,0.002995212,0,1,0.008065761,0,1,0.008948251,0,1,0.009749401,0,1,-0.077943704,0,1,0.009517196,0,0.43279888,3.422822739,1,4.19480979,1,-0.001040476,0,1,0.000259251,0,1,0.001576153,0,1,0.002677479,0,1,0.003496618,0
22,13.05497246,1.024926801,388.9419806,-0.96964349,-5.65E-22,0.23518629,-1.07643636,-1.72E-23,1.024926801,0.54263007,1.759398501,0,0,0,0,0,0,0,0,0,0,0,0,0,0,0,0.997513432,-0.000465294,0,0.997094859,-0.000582112,0,0.996784105,-0.000654637,0,0.996547493,-0.0006946,0,0.996370678,-0.000711268,0,389.2915793,-2.468694229,1.20E-21,0.083876249,0.01344519,-7.64E-22,1.015018537,2.300237672,4.226384663,0.99490519,-0.000745951,0,0.994859017,-0.00081584,0,0.994868812,-0.000871243,0,0.994939023,-0.000910053,0,0.995077727,-0.00092932,0,0.9916051,-0.001033913,0,0.992613068,-0.000784747,0,0.993900648,0.029067083,0,0.995442169,-5.36E-05,0,0.997134579,0.00062996,0,0.40270143,3.337384921,1,4.226321557,0.999696473,0.00118228,0,0.999724265,0.001267232,0,0.999663135,0.001124343,0,0.999492071,0.000880401,0,0.999226141,0.000624299,0
23,13.27637293,1.025568725,388.817714,-0.986864332,-7.50E-22,0.094229591,-1.11286468,-6.37E-22,1.025568725,0.544573457,1.814179438,0,0,0,0,0,0,0,0,0,0,0,0,0,0,0,1,-0.002171267,0,1,-0.001637829,0,1,-0.001389471,0,1,-0.001197278,0,1,-0.001033396,0,388.9366432,-2.600301769,-9.17E-21,0.070262231,0.005053476,-2.29E-21,1.015248101,2.396511822,4.259777439,1,-0.000554956,0,1,-0.000680272,0,1,-0.000810779,0,1,-0.000963255,0,1,-0.001154577,0,1,-0.000239197,0,1,0.000827838,0,1,-0.011050884,0,1,0.002880108,0,1,0.001977036,0,0.395040956,3.592858692,1,4.261330774,1,-0.006430276,0,0.999873013,-0.005366776,0,0.999692645,-0.003530861,0,0.99968986,-0.001760512,0,0.999825582,-0.000378207,0
24,13.66935175,1.026542922,388.7446382,-0.9852703,7.53E-22,0.013482787,-1.130537845,1.92E-21,1.026542922,0.540451741,1.8830352,0,0,0,0,0,0,0,0,0,0,0,0,0,0,0,1,-0.000159636,0,1,-0.000140297,0,1,-0.000132641,0,1,-0.000138086,0,1,-0.000151671,0,388.7206491,-2.672696216,-4.44E-20,0.058219144,-0.004700247,-2.55E-21,1.015985815,2.424138439,4.410727889,1,-0.000370107,0,1,-0.000330281,0,1,-0.000291024,0,1,-0.00025444,0,1,-0.000221164,0,1,-0.000704789,0,1,-0.000700499,0,1,-0.000617422,0,1,-0.0005117,0,1,-0.000526287,0,0.312748526,3.706121982,1,4.410998476,1,-0.000658381,0,1,-0.000822491,0,1,-0.000680105,0,1,-0.00049675,0,1,-0.000354251,0
25,13.99909226,1.027234931,388.7418177,-1.040108541,-6.30E-23,0.009084922,-1.084088923,-1.03E-22,1.027234931,0.587852737,1.878370475,0,0,0,0,0,0,0,0,0,0,0,0,0,0,0,1,0.000170681,0,1,0.000769039,0,1,0.001142272,0,1,0.00136855,0,1,0.001478551,0,388.7205638,-2.681933417,1.19E-21,0.061700124,0.000470066,-2.66E-24,1.016636718,2.445574597,4.543828866,1,0.001416839,0,1,0.001627474,0,1,0.001803009,0,1,0.001928201,0,1,0.001977202,0,1,0.002903667,0,1,0.00316579,0,1,-0.073480452,0,1,0.004847076,0,1,0.003633198,0,0.289265797,4.16336684,1,4.543465583,0.999985672,-0.006816611,0,1,-0.007833607,0,1,-0.005934854,0,1,-0.002922358,0,1,-0.000317942,0
26,13.48843523,1.025771124,388.8708427,-0.97240361,-1.65E-24,0.160882024,-1.106083217,-9.92E-24,1.025771124,0.534341624,1.79348253,0,0,0,0,0,0,0,0,0,0,0,0,0,0,0,0.993415051,-0.000970622,0,0.99217347,-0.001225749,0,0.991234031,-0.001396372,0,0.990492462,-0.00149736,0,0.98990512,-0.00154353,0,389.106171,-2.553964161,1.41E-21,0.075578888,0.00073561,-6.47E-23,1.015788436,2.328280678,4.416375763,0.985161788,-0.001637334,0,0.985208302,-0.001773524,0,0.985404789,-0.001883363,0,0.985763393,-0.001960837,0,0.986304313,-0.002000093,0,0.97387155,-0.002755891,0,0.976286787,-0.002346945,0,0.979691037,-0.026841314,0,0.983912922,-0.001216719,0,0.988997347,0.000285741,0,0.3231512,4.219836497,1,4.415954637,0.997851905,0.003204696,0,0.997918584,0.003597603,0,0.99790751,0.00304865,0,0.997431292,0.002085596,0,0.996505018,0.001146493,0
27,12.98528669,1.024817632,388.9278106,-0.991504015,3.76E-22,0.209838793,-1.06720624,-2.28E-22,1.024817632,0.560284229,1.716729014,0,0,0,0,0,0,0,0,0,0,0,0,0,0,0,1,0.00067866,0,1,0.001014985,0,1,0.001251999,0,1,0.001419605,0,1,0.001556925,0,389.2312487,-2.488252575,1.45E-21,0.07947661,0.00432782,-6.84E-22,1.015022602,2.279526326,4.213908806,1,0.002616038,0,1,0.002574641,0,1,0.002503948,0,1,0.002397867,0,1,0.002248364,0,1,0.004719163,0,1,0.004887539,0,1,0.004972042,0,1,-0.006998441,0,1,0.003883425,0,0.430597863,4.412622075,1,4.214838316,1,-0.001576983,0,1,-0.00102601,0,1,-0.000258983,0,1,0.000491277,0,1,0.001114094,0
28,13.15584211,1.025186835,388.8519649,-0.975734921,-1.84E-22,0.135465696,-1.111978276,4.44E-22,1.025186835,0.53706597,1.797138452,0,0,0,0,0,0,0,0,0,0,0,0,0,0,0,0.997853636,-0.000178413,0,0.9974578,-0.000251439,0,0.997157393,-0.000300306,0,0.996922989,-0.000328563,0,0.996741182,-0.000344753,0,389.0355435,-2.568009705,-8.13E-21,0.072011849,0.001170324,-2.03E-21,1.0151005,2.3338181,4.244025113,0.995221275,-0.000434487,0,0.995232946,-0.000449066,0,0.995292261,-0.000459633,0,0.995402622,-0.000464177,0,0.995570248,-0.000459627,0,0.991912416,-0.000766298,0,0.992630723,0.017098375,0,0.993594869,-0.000841148,0,0.994837204,-0.00088543,0,0.996355539,-0.000805175,0,0.418943716,4.54058249,1,4.243794476,0.999538599,0.000556473,0,0.999632101,0.000342045,0,0.999491342,9.20E-05,0,0.999221195,-0.000112547,0,0.99888388,-0.000256311,0
29,15.49506939,1.031062202,388.5361615,-0.948833977,-5.00E-24,-0.221374974,-1.166001326,5.70E-25,1.031062202,0.521932037,2.238361242,0,0,0,0,0,0,0,0,0,0,0,0,0,0,0,1,-0.007033712,0,1,-0.007775405,0,1,-0.008298717,0,1,-0.008733385,0,1,-0.009117568,0,388.0019519,-2.8856092,-1.26E-22,0.020420386,-0.005279892,5.69E-23,1.018758259,2.781500344,4.974541724,1,-0.012992354,0,1,-0.012874076,0,1,-0.012639987,0,1,-0.012293844,0,1,-0.011844804,0,0.999984777,-0.022432994,0,0.999973103,-0.020536099,0,1,-0.017101509,0,1,-0.002099143,0,1,-0.007265329,0,0.208887669,5.071215615,1,4.978734048,0.999848784,-0.00100021,0,0.999930113,-0.003164348,0,0.99984294,-0.003074623,0,0.999800866,-0.002235967,0,0.999863292,-0.002330352,0
30,13.66199646,1.026492052,388.8107282,-0.999317355,-6.61E-23,0.087203218,-1.102687899,-9.17E-23,1.026492052,0.553850802,1.819594948,0,0,0,0,0,0,0,0,0,0,0,0,0,0,0,1,0.001286705,0,1,0.001559278,0,1,0.001753231,0,1,0.001879655,0,1,0.001924185,0,388.9275846,-2.609670291,1.25E-21,0.070359632,0.00058178,-1.89E-23,1.016213694,2.373852175,4.458206594,1,0.001929142,0,1,0.002101224,0,1,0.002266426,0,1,0.002391956,0,1,0.002473637,0,1,0.003294983,0,1,0.003029725,0,1,0.002913726,0,1,0.002798977,0,1,0.001938442,0,0.30273315,5.187269685,1,4.456491939,1,-0.003144647,0,1,-0.003500252,0,1,-0.002622388,0,1,-0.001243655,0,1,-5.07E-05,0
31,12.19411568,1.022673284,388.6018174,-0.993931427,-1.94E-22,0.012289987,-1.055174219,2.41E-22,1.022673284,0.638322366,1.402211754,0,0,0,0,0,0,0,0,0,0,0,0,0,0,0,1,-0.000258977,0,1,-0.000284515,0,1,-0.000316765,0,1,-0.00035972,0,1,-0.000413584,0,389.0099267,-2.308287659,1.76E-21,0.165170963,0.003623558,-4.99E-22,1.014017228,2.12935547,4.012387225,1,-0.001592831,0,1,-0.001306887,0,1,-0.001065796,0,1,-0.000863757,0,1,-0.000698395,0,1,-0.003642723,0,1,-0.004974951,0,1,-0.006673897,0,0.997251226,0.14223345,0,0.996596527,-0.011832493,0,0.411950239,5.317662705,1,4.011838866,1,-0.004426465,0,1,-0.005771553,0,0.99981572,-0.006320512,0,0.999253963,-0.006280801,0,0.998820551,-0.005903186,0
32,13.01056278,1.024911774,388.9108515,-0.979385898,4.92E-22,0.197688576,-1.08439222,-1.01E-21,1.024911774,0.547029268,1.714317461,0,0,0,0,0,0,0,0,0,0,0,0,0,0,0,1,-9.24E-05,0,1,0.000457758,0,1,0.000700029,0,1,0.000878451,0,1,0.00099287,0,389.1948302,-2.502071922,1.62E-21,0.07832759,0.003061309,-6.07E-22,1.015056634,2.306469987,4.220991151,0.999990416,0.000417052,0,0.999991524,0.000853553,0,1,0.001172014,0,1,0.001368431,0,1,0.001427111,0,0.999979174,-0.000957685,0,0.99997554,-0.003087252,0,0.999972867,-0.006145841,0,0.999971864,-0.01095038,0,0.99997385,-0.018708696,0,0.434516354,5.428816566,1,4.221754913,1,-0.013656352,0,1,-0.015633942,0,1,-0.01530588,0,0.999991439,-0.013647752,0,0.999989684,-0.011504116,0
33,12.98698684,1.024843873,388.9322228,-0.980610117,9.99E-23,0.219593804,-1.07310124,-1.78E-22,1.024843873,0.551278468,1.750300253,0,0,0,0,0,0,0,0,0,0,0,0,0,0,0,1,0.000436874,0,1,0.000610845,0,1,0.000733027,0,1,0.00081528,0,1,0.000876087,0,389.2560589,-2.478614483,1.35E-21,0.082812769,0.013013277,-7.16E-22,1.0149102,2.302519442,4.191365009,1,0.001315931,0,1,0.001319592,0,1,0.001307881,0,1,0.001277005,0,1,0.001223478,0,1,0.002241125,0,1,0.002234298,0,1,0.002184913,0,1,0.001997107,0,1,0.001459895,0,0.425616482,5.391981666,1,4.191523663,1,-0.000883574,0,1,-0.000685925,0,1,-0.00034851,0,1,9.37E-06,0,1,0.000319227,0
34,13.17265523,1.025295003,388.8447639,-0.993997007,-4.23E-22,0.121881335,-1.098748634,1.91E-23,1.025295003,0.552891395,1.784843656,0,0,0,0,0,0,0,0,0,0,0,0,0,0,0,1,0.000132329,0,1,0.00028338,0,1,0.000388187,0,1,0.000453693,0,1,0.000501483,0,389.0069021,-2.574499073,-8.48E-21,0.071117472,0.001156831,-2.12E-21,1.015190925,2.337499402,4.248451109,1,0.000776196,0,1,0.000779246,0,1,0.000772105,0,1,0.00075124,0,1,0.000711517,0,1,0.001479308,0,1,0.001620109,0,1,-0.013960242,0,1,0.002030346,0,1,0.001910897,0,0.413669653,5.554723633,1,4.248969666,1,-0.001296226,0,1,-0.000770481,0,1,-0.000186617,0,1,0.000291661,0,1,0.000621976,0
35,13.97879626,1.027306964,388.7393274,-0.984347671,-4.79E-23,0.010851387,-1.130784592,-1.13E-22,1.027306964,0.53817636,1.873663991,0,0,0,0,0,0,0,0,0,0,0,0,0,0,0,1,-0.005977688,0,1,-0.005742149,0,1,-0.005573917,0,1,-0.005484943,0,1,-0.005412788,0,388.7216946,-2.677052619,1.06E-21,0.060575785,-0.004856385,2.68E-23,1.016697399,2.454911552,4.554778249,1,-0.006208888,0,1,-0.006467392,0,1,-0.006682719,0,1,-0.006868403,0,1,-0.007038626,0,1,-0.009899346,0,1,-0.00730978,0,1,-0.003899049,0,1,-0.000551206,0,1,0.000332646,0,0.289139389,6.163407233,1,4.557266112,1,-0.005874938,0,1,-0.00744692,0,1,-0.006188861,0,1,-0.003629673,0,1,-0.001359767,0
36,13.58215142,1.026316871,388.8255821,-0.986992807,-6.18E-23,0.107317196,-1.107880555,-7.50E-23,1.026316871,0.544368246,1.804545838,0,0,0,0,0,0,0,0,0,0,0,0,0,0,0,0.999948622,-0.000132894,0,0.999939046,4.34E-05,0,0.999931747,0.000108951,0,0.99992598,0.000133225,0,0.999921427,0.000170804,0,388.976813,-2.588840399,1.31E-21,0.072194088,-0.000883444,-3.36E-23,1.016143684,2.346380135,4.443325922,0.99988307,0.000220629,0,0.999883611,0.000243232,0,0.999885301,0.000252347,0,0.999888232,0.000252087,0,0.999892569,0.000243169,0,0.999793975,0.000495597,0,0.999813055,0.000585591,0,0.999839321,-0.007535082,0,0.999873149,0.000776194,0,0.999913617,0.000426506,0,0.308632402,6.196070802,1,4.443531278,0.999984612,-0.001269277,0,0.999984983,-0.001461132,0,0.999984589,-0.001141842,0,0.999980554,-0.000675927,0,0.999973041,-0.00018433,0
