1.0,11.982641971197856,1.0222661095932608,388.8879847212833,-0.9930648307126821,0.0,0.3210586639729363,-1.1192528319766328,-0.0,1.0222661095932608,0.5983194454235176,1.486327369061757,0.0,0.0,0.0,0.0,0.0,0.0,0.0,0.0,0.0,0.0,0.0,0.0,0.0,0.0,0.0,0.9997543059833452,-0.00012358275833163318,0.0,0.9998337909337379,-0.00016299302589384369,0.0,0.9998952509268879,-0.00018700959391399554,0.0,0.9999466497749844,-0.0002075138794997444,0.0,0.9999918716332757,-0.00022732643241449754,0.0,389.64095215358515,-2.3012667982486055,0.0,0.12849018724184624,0.04313630404331355,0.0,1.0135188235027528,2.0826326754803715,3.9077071359498374,1.0,-0.0005455142403532169,0.0,1.0,-0.0004932918025793641,0.0,1.0,-0.00044373453887521647,0.0,1.0,-0.00039689150309282247,0.0,1.0,-0.0003534520027141535,0.0,1.0,-0.0008245621850016767,0.0,1.0,-0.0006076355188810668,0.0,1.0,-0.00040462039392560867,0.0,1.0,-0.00023432981722366813,0.0,1.0,-0.00013472717259000537,0.0,0.3186907931807961,0.26035289340107237,1.0,3.907655345282373,0.9997951706054026,-1.7151137186113315e-5,0.0,0.9998388595648502,-4.609383958096397e-5,0.0,0.9999338650793932,-5.410655609593807e-5,0.0,1.0,-5.1941022511101676e-5,0.0,1.0,-4.8266143033346304e-5,0.0
2.0,12.536937313154176,1.023777804304948,389.18118560111924,-0.9160903024123094,0.0,0.5093071431705303,-1.0352389419403372,-0.0,1.023777804304948,0.5361722339133241,1.6470701137055994,0.0,0.0,0.0,0.0,0.0,0.0,0.0,0.0,0.0,0.0,0.0,0.0,0.0,0.0,0.0,1.0,-0.00046708232297890096,0.0,1.0,-0.0005119006893432594,0.0,1.0,-0.000558671972272927,0.0,1.0,-0.0006023331695384804,0.0,1.0,-0.0006417977167212908,0.0,389.8539200737286,-2.358854173342347,0.0,0.06699551995437099,0.018874138206482306,0.0,1.0143858149650133,2.1847493128014452,4.084453957469014,1.0,-0.0010842234492074159,0.0,1.0,-0.0010533754394172745,0.0,1.0,-0.0010128209976393069,0.0,1.0,-0.0009637262702351726,0.0,1.0,-0.0009071964308833745,0.0,1.0,-0.0018192532442754636,0.0,1.0,-0.0014059794224696364,0.0,1.0,-0.0009259098620426274,0.0,1.0,-0.00044854997280060983,0.0,1.0,-0.00013619331998477213,0.0,0.3174020574386173,0.27915578897033166,1.0,4.084491695264794,1.0,-0.00016760174778355125,0.0,1.0,-0.00019072109348210534,0.0,1.0,-0.00015115801366339217,0.0,1.0,-9.276095199872169e-5,0.0,1.0,-5.0473501109171e-5,0.0
3.0,12.49180325558493,1.0236733491484302,388.46080253007074,0.9125448524895373,0.0,-0.5121677584958619,1.0366748564381039,-0.0,1.0236733491484302,0.5336546349012731,1.6633989585324378,0.0,0.0,0.0,0.0,0.0,0.0,0.0,0.0,0.0,0.0,0.0,0.0,0.0,0.0,0.0,1.0,-0.001651829653203603,0.0,1.0,-0.0018029936707947148,0.0,1.0,-0.0019597760574105224,0.0,1.0,-0.0021014152851010002,0.0,1.0,-0.0022279191651435985,0.0,387.7836320697489,2.3520783589741336,0.0,-0.0671504692442581,-0.026323998847868034,0.0,1.0141948811282049,2.203702706469709,4.045488503996161,1.0,-0.0036842257882932447,0.0,1.0,-0.0035914422271345605,0.0,1.0,-0.00346570546834748,0.0,1.0,-0.003311025675831179,0.0,1.0,-0.003131153544651344,0.0,1.0,-0.006014604177608745,0.0,1.0,-0.0045817472878772175,0.0,1.0,-0.002943049312390252,0.0,1.0,-0.0013283082914402804,0.0,1.0,-0.000268613930632806,0.0,3.46910955128339,0.2949088637371621,1.0,4.045558451685349,1.0,-0.0004734119969967715,0.0,1.0,-0.0005158951481766652,0.0,1.0,-0.000382696864456706,0.0,1.0,-0.0002021530085872776,0.0,1.0,-7.465099548728506e-5,0.0
4.0,26.273278228989742,1.0575036959506072,389.16966795632806,0.9247791974763313,0.0,0.3066623300680554,1.185600172480605,0.0,1.0575036959506072,0.5123706243526016,7.320863136099975,0.0,0.0,0.0,0.0,0.0,0.0,0.0,0.0,0.0,0.0,0.0,0.0,0.0,0.0,0.0,1.0,0.0018245651691071827,0.0,1.0,0.0013569994731990104,0.0,0.9998665073662424,-7.244247556295811e-5,0.0,0.999872720650899,-0.0017422172414042292,0.0,1.0,-0.0030118711125230752,0.0,390.98046818479094,-2.8578964014409967,0.0,-0.24736501370102307,-0.19173817750282426,0.0,1.0203688479815498,7.830092824952183,5.304958201750652,1.0,0.0004267649302561621,0.0,1.0,-0.00023557439101081761,0.0,1.0,-0.0015090212943158349,0.0,1.0,-0.0028926859091417015,0.0,1.0,-0.0034257149607525546,0.0,1.0,0.00015494286601400078,0.0,1.0,-5.520292092346715e-5,0.0,1.0,-0.0001775202090333859,0.0,1.0,-0.00018534870727991245,0.0,1.0,-6.049117363988838e-5,0.0,0.31398189375455715,0.6041992666367887,1.0,5.304993441834331,1.0,6.408844673046635e-5,0.0,1.0,0.00017490329037950643,0.0,1.0,0.0002039392013512436,0.0,1.0,0.000149981413902103,0.0,1.0,6.525875940633796e-5,0.0
5.0,14.879155739925077,1.0296018323939449,389.0330099864794,-0.9663603824606739,0.0,0.389275834103579,-1.2056619259441803,-0.0,1.0296018323939449,0.5021284173076962,2.1901398297793446,0.0,0.0,0.0,0.0,0.0,0.0,0.0,0.0,0.0,0.0,0.0,0.0,0.0,0.0,0.0,1.0,-0.001936165506965138,0.0,1.0,-0.002066999044963001,0.0,1.0,-0.0021733115753892317,0.0,1.0,-0.002274979275688878,0.0,1.0,-0.002378617618644201,0.0,389.43918380623626,-3.157874242325113,0.0,-0.008219934012248095,-0.014599069901358739,0.0,1.0176177115005574,2.69923826613507,4.743635754354005,1.0,-0.0038467609749180533,0.0,1.0,-0.003640204337096329,0.0,1.0,-0.003443389529829707,0.0,1.0,-0.0032576603091784744,0.0,1.0,-0.0030826113933118938,0.0,1.0,-0.006244337493567967,0.0,1.0,-0.005406413432410346,0.0,1.0,-0.004300100947307694,0.0,1.0,-0.002494480138752519,0.0,1.0,0.0006977838347627089,0.0,0.10341828438196804,0.9571286093792307,1.0,4.744013472348961,1.0,0.0014625956934095686,0.0,0.999737374983331,0.0027988168463348195,0.0,1.0,0.003902001941033325,0.0,1.0,0.003360815677922907,0.0,1.0,0.002131065285505322,0.0
6.0,14.827210808067644,1.0294811250012188,388.6115520946389,0.9600791955893532,0.0,-0.3902553195699495,1.209777762041731,-0.0,1.0294811250012188,0.49725008465450643,2.208782795433691,0.0,0.0,0.0,0.0,0.0,0.0,0.0,0.0,0.0,0.0,0.0,0.0,0.0,0.0,0.0,1.0,-0.005808306964696034,0.0,1.0,-0.0061263451553357495,0.0,1.0,-0.006361064818655048,0.0,1.0,-0.006585483926125532,0.0,1.0,-0.006821191794378966,0.0,388.2037991984288,3.149019182678175,0.0,0.0067491062271825926,0.003646857384336726,0.0,1.0173513631794766,2.7400150538858736,4.688080545687179,1.0,-0.010740666709518764,0.0,1.0,-0.010206285540493788,0.0,1.0,-0.009705675479113742,0.0,1.0,-0.009242580018594388,0.0,1.0,-0.008816599381625535,0.0,0.9999200582246128,-0.01673690944837787,0.0,0.9997722156270145,-0.014264634488471274,0.0,0.999619218089744,-0.011183095888384164,0.0,0.9994602320328577,-0.006491248750637819,0.0,0.999341087128265,0.001301913891786716,0.0,3.247456211481938,0.9366545482997429,1.0,4.693082328406395,1.0,0.003048494428267173,0.0,0.9995170823380013,0.005897797361118801,0.0,0.9999170550583064,0.008431027289529573,0.0,0.9997599855953235,0.0074005803338156465,0.0,0.9996787938245663,0.00475229778774359,0.0
7.0,14.891239342031987,1.0295443369261768,389.02978605734734,-0.9518910840989643,0.0,0.39587235214453476,-1.2162353953286142,-0.0,1.0295443369261768,0.490440089574901,2.2426069422917103,0.0,0.0,0.0,0.0,0.0,0.0,0.0,0.0,0.0,0.0,0.0,0.0,0.0,0.0,0.0,0.9988846493215742,0.0009773517469521301,0.0,0.9987633558351077,0.0010887418362477228,0.0,0.9987049706614888,0.001180721558200533,0.0,0.9986775574206552,0.0012637287274046933,0.0,0.9986678666211142,0.001342314022886459,0.0,389.44631743395126,-3.1538469004771583,0.0,-0.006566637849245399,-0.003121346505340405,0.0,1.0173709933524224,2.731134302723288,4.713646360263139,0.9984442033531468,0.0021785299425751735,0.0,0.9984303114330282,0.0020680620114758943,0.0,0.9984122639654569,0.001957991141632707,0.0,0.9983941624967188,0.0018478884988985475,0.0,0.9983808372970884,0.0017367468115332698,0.0,0.9975655778640529,0.003432017487623972,0.0,0.9976771080683943,0.0028969312147469357,0.0,0.9976301548958935,0.0022603523349519657,0.0,0.9974923737852422,0.0014203957535736578,0.0,0.9974983327534511,0.00024588633522118616,0.0,0.10355348999966427,0.9827130490742929,1.0,4.71341164717895,0.9999313142099153,-0.0003272599981796144,0.0,1.0,-0.0005785267293743613,0.0,0.942351220683564,-0.000835628229066391,0.0,0.9992391402700058,-0.0007297126550657561,0.0,0.9989128166787152,-0.00041168624163532164,0.0
8.0,14.84098337432384,1.0295169887936764,388.6090875212281,0.9610116974006434,0.0,-0.3922994537670586,1.2066303312843356,-0.0,1.0295169887936764,0.4986331994334794,2.221302577671071,0.0,0.0,0.0,0.0,0.0,0.0,0.0,0.0,0.0,0.0,0.0,0.0,0.0,0.0,0.0,1.0,-0.00217459742207034,0.0,1.0,-0.0023134196108463754,0.0,1.0,-0.002424908183966733,0.0,1.0,-0.002530697786489849,0.0,1.0,-0.0026379695469044015,0.0,388.1942653537215,3.139310286788554,0.0,0.005337904723795969,0.0011857199006959647,0.0,1.017384106166565,2.7287685234760057,4.696010763327689,1.0,-0.004158379079916453,0.0,1.0,-0.003953370988166365,0.0,1.0,-0.003757343316281639,0.0,1.0,-0.0035711702446461348,0.0,1.0,-0.0033944125233158163,0.0,1.0,-0.006533960057270442,0.0,1.0,-0.005519422136687042,0.0,1.0,-0.004292200057899426,0.0,1.0,-0.0025971487901357716,0.0,1.0,-9.647152049098432e-5,0.0,3.245542821445539,0.9903524058605254,1.0,4.6962683104155944,1.0,0.0008544320771224432,0.0,0.9998614272264895,0.0014534547482330776,0.0,1.0,0.0020838403667742503,0.0,1.0,0.0018496053730868147,0.0,1.0,0.0011390009040319925,0.0
9.0,13.120075625845537,1.0252123570035436,389.1300721958408,-0.9425959534563579,0.0,0.4564273109009234,-1.0796132041482511,-0.0,1.0252123570035436,0.5337296383333032,1.744556132882875,0.0,0.0,0.0,0.0,0.0,0.0,0.0,0.0,0.0,0.0,0.0,0.0,0.0,0.0,0.0,1.0,-0.003573944506018533,0.0,1.0,-0.0038597502484166765,0.0,1.0,-0.004121618729289855,0.0,1.0,-0.004370926386782549,0.0,1.0,-0.004602433416577729,0.0,389.7251746687878,-2.5429872443714205,0.0,0.05074855855298692,0.011366231710310372,0.0,1.0153191938678041,2.2917361869798833,4.274955638287169,1.0,-0.007526489449377648,0.0,1.0,-0.007300403714047496,0.0,1.0,-0.007028449717505532,0.0,1.0,-0.006719434955520364,0.0,1.0,-0.0063783414591563085,0.0,0.9999058394659057,-0.012661104309855674,0.0,0.9999084959369581,-0.010196753265591846,0.0,0.9999126640051496,-0.007142337809769031,0.0,0.9999214738216007,-0.0037245931998445094,0.0,1.0,-0.0008512097947070708,0.0,0.20958788660222594,1.1583855260339686,1.0,4.275098029362307,1.0,-0.00021814460905666996,0.0,1.0,-0.0005483891026856214,0.0,1.0,-0.00041149574172057136,0.0,1.0,-0.00011496542531513966,0.0,1.0,2.087307784783869e-5,0.0
10.0,13.107208911065165,1.0251910922023575,388.51443869728547,0.9382819487074577,0.0,-0.4579529081204984,1.0831195454024696,-0.0,1.0251910922023575,0.5298392610194329,1.7391647254155276,0.0,0.0,0.0,0.0,0.0,0.0,0.0,0.0,0.0,0.0,0.0,0.0,0.0,0.0,0.0,1.0,-0.00515855671550536,0.0,1.0,-0.0055919519698372205,0.0,1.0,-0.005995862640331479,0.0,1.0,-0.006386319552172548,0.0,1.0,-0.006754045226430679,0.0,387.91790342765813,2.5401728000082278,0.0,-0.05099310305966743,-0.011461391411733518,0.0,1.0153043863393014,2.29449310143874,4.2718859838754675,1.0,-0.011248495366864437,0.0,1.0,-0.010884978100661927,0.0,1.0,-0.010451444782612061,0.0,1.0,-0.009959158794179862,0.0,1.0,-0.009416198889326079,0.0,1.0,-0.01872839070618482,0.0,1.0,-0.015100242746859928,0.0,1.0,-0.010616035976691016,0.0,1.0,-0.00565533973306723,0.0,1.0,-0.0015660140918916236,0.0,3.3504682216646815,1.1595080697882263,1.0,4.271825839315995,1.0,-0.00046164856035303063,0.0,1.0,-0.0010168345332299278,0.0,1.0,-0.0008443181669201509,0.0,1.0,-0.0004005490301853339,0.0,1.0,-0.0001685523840569353,0.0
11.0,12.612187428008014,1.0238087659499133,389.180738479628,-0.9169204173479597,0.0,0.5086764209176883,-1.0353277788898925,-0.0,1.0238087659499133,0.5362217747546336,1.6971714189670748,0.0,0.0,0.0,0.0,0.0,0.0,0.0,0.0,0.0,0.0,0.0,0.0,0.0,0.0,0.0,0.9959161056860972,0.0016734879260067114,0.0,0.9953051276761246,0.0018931629917037789,0.0,0.994881922070819,0.0021217203984775835,0.0,0.9945871293575421,0.0023469883181916947,0.0,0.9943811835515097,0.0025559721965039933,0.0,389.86059048546883,-2.3663420770808226,0.0,0.06610258120472476,0.030795082546960534,0.0,1.014252444861238,2.2273156939037064,4.0758227236502895,0.9922875639353154,0.004591344806166383,0.0,0.9922337092095856,0.004411735981625211,0.0,0.992230918552652,0.00418997284392388,0.0,0.9922914987812679,0.003929266819284612,0.0,0.9924329455156413,0.0036332478835460914,0.0,0.9874979789095915,0.007675206350238876,0.0,0.9892452495419023,0.006262810271940529,0.0,0.9912196396191093,0.0047105759992750905,0.0,0.9935258945217905,0.0033942455880363155,0.0,0.9959880786657618,0.0029885701593853195,0.0,0.3010601079815116,1.2609776013468361,1.0,4.075655816732309,0.9983677147537457,0.0017107122490235595,0.0,0.9984637432316446,0.029572003969273834,0.0,0.9988920707867741,0.0020930894983237445,0.0,0.9989936294777904,0.0018453867984023278,0.0,0.9988554919247207,0.0015567662466312003,0.0
12.0,12.563565375033004,1.0237992733018333,388.46160760723893,0.9159782115608361,0.0,-0.509155620911405,1.0358805706409662,-0.0,1.0237992733018333,0.535758043102942,1.677964277150688,0.0,0.0,0.0,0.0,0.0,0.0,0.0,0.0,0.0,0.0,0.0,0.0,0.0,0.0,0.0,0.9989000858459609,0.0004337776584142674,0.0,0.9987378141008919,0.0004916776223062175,0.0,0.9986234019667494,0.0005490531705845763,0.0,0.9985431054268168,0.0006034100161823977,0.0,0.9984848483104896,0.0006518129855751587,0.0,387.7852407023759,2.3608264526675002,0.0,-0.06659072145464164,-0.027037694132920585,0.0,1.0142943532072777,2.2068402972615786,4.071514677113521,0.997863096457103,0.0011019799306061014,0.0,0.9978617170095169,0.0010761125525980055,0.0,0.9978729973394358,0.001036465617819685,0.0,0.9979000037471318,0.0009843535980495772,0.0,0.9979471071827576,0.0009208854879426781,0.0,0.9964649864882216,0.0018618314279885354,0.0,0.9967992593426646,0.0014444926252552516,0.0,0.9972141023912996,0.0009458267159240052,0.0,0.9977669167592482,0.0004430299782110117,0.0,0.9984779134397181,0.00011258263020259505,0.0,3.4485988596116237,1.269641364609414,1.0,4.071488080404273,0.9997018793634076,0.0001909266123644881,0.0,0.9997355147968613,0.00806923686539368,0.0,0.9997346837966319,0.00015976480960020758,0.0,0.9996764967341262,9.161607227411982e-5,0.0,0.9995681805477002,4.2576411337614944e-5,0.0
13.0,14.857527969306162,1.029565056686048,388.6108169061141,0.9582225685193395,0.0,-0.39308181718264307,1.2115388390325321,-0.0,1.029565056686048,0.4956330953624508,2.211405679500257,0.0,0.0,0.0,0.0,0.0,0.0,0.0,0.0,0.0,0.0,0.0,0.0,0.0,0.0,0.0,1.0,-0.000942334737222622,0.0,1.0,-0.0010076947240814879,0.0,1.0,-0.0010608584444409034,0.0,1.0,-0.001111292497496517,0.0,1.0,-0.0011617698684410686,0.0,388.1987518373945,3.1559214997229508,0.0,0.0077577349555107275,0.01013076843482474,0.0,1.0175008657346694,2.710640049720195,4.719846953001413,1.0,-0.0018418600660555528,0.0,1.0,-0.0017495032801922003,0.0,1.0,-0.001661031265618165,0.0,1.0,-0.001576405392794694,0.0,1.0,-0.001495307285370247,0.0,1.0,-0.002928418014297545,0.0,1.0,-0.0024833507651804204,0.0,1.0,-0.0019597997063798564,0.0,1.0,-0.0012459938046156924,0.0,1.0,-0.00018263640440838446,0.0,3.2459279539840704,1.942484068750768,1.0,4.720002191721847,1.0,0.000330183468192806,0.0,1.0,0.0006105392616581237,0.0,1.0,0.0008810910804434693,0.0,1.0,0.0007540664594070027,0.0,1.0,0.00042703585035218264,0.0
14.0,14.88053055632057,1.0296124067164585,389.0318086777745,-0.962710462731912,0.0,0.39042108772096146,-1.2084059732138985,-0.0,1.0296124067164585,0.49913644645568034,2.2226047624634724,0.0,0.0,0.0,0.0,0.0,0.0,0.0,0.0,0.0,0.0,0.0,0.0,0.0,0.0,0.0,1.0,-0.0021170688114842007,0.0,1.0,-0.002260329444497192,0.0,1.0,-0.0023755588011049556,0.0,1.0,-0.0024857978975922276,0.0,1.0,-0.002598424268770301,0.0,389.4394093423655,-3.1562277974711326,0.0,-0.007212200384463654,-0.005141373372790307,0.0,1.0174752014933417,2.7292299090355754,4.714570139480137,1.0,-0.0041881087401839006,0.0,1.0,-0.00396273398618343,0.0,1.0,-0.0037477396418158925,0.0,1.0,-0.0035450738612002298,0.0,1.0,-0.0033548466170739174,0.0,1.0,-0.006688348132780033,0.0,1.0,-0.005788874363316189,0.0,1.0,-0.004565343066071901,0.0,1.0,-0.00252883236672426,0.0,1.0,0.0010824640786827391,0.0,0.1029627439221679,1.967782064780788,1.0,4.7149892988857065,1.0,0.0016754099727149434,0.0,0.9996253479414419,0.003131387059256076,0.0,1.0,0.004409523343082665,0.0,1.0,0.0038642843047100943,0.0,1.0,0.002527628332898694,0.0
15.0,14.855370361291522,1.0295428656102636,388.6099706514453,0.9661389393911765,0.0,-0.38834434377091903,1.2053128495723513,-0.0,1.0295428656102636,0.5021108217450948,2.185201441362364,0.0,0.0,0.0,0.0,0.0,0.0,0.0,0.0,0.0,0.0,0.0,0.0,0.0,0.0,0.0,1.0,-0.005849720751903808,0.0,1.0,-0.006190659209669437,0.0,1.0,-0.006449076482380922,0.0,1.0,-0.006696790458909548,0.0,1.0,-0.006954922549737303,0.0,388.2044723113126,3.152023028803391,0.0,0.0074646971065213084,0.010049196202672122,0.0,1.0175154831069884,2.7218268506416234,4.7140858400289645,1.0,-0.011133810231547619,0.0,1.0,-0.010558417318562071,0.0,1.0,-0.010016723123049532,0.0,1.0,-0.009513416594450343,0.0,1.0,-0.009048470879094633,0.0,1.0,-0.01762078896718266,0.0,1.0,-0.015126055247680714,0.0,1.0,-0.01188672833012789,0.0,1.0,-0.0066854552682581465,0.0,1.0,0.002368233101168476,0.0,3.2438862394253354,1.9559863411902136,1.0,4.732145407513475,1.0,0.00407351394721772,0.0,0.9991400580050738,0.007768693425439098,0.0,1.0,0.010926147701706442,0.0,1.0,0.009524739031044862,0.0,1.0,0.006177790565994261,0.0
16.0,14.85259298653117,1.0295390977930496,388.60883707639556,0.9595166130262904,0.0,-0.3939382999850425,1.2078670314377964,0.0,1.0295390977930496,0.49738543025420257,2.2178936634988267,0.0,0.0,0.0,0.0,0.0,0.0,0.0,0.0,0.0,0.0,0.0,0.0,0.0,0.0,0.0,0.9998434368322368,0.0001821830787904434,0.0,0.9998190878404868,0.00019669788294056513,0.0,0.9998057213142932,0.0002086162546268054,0.0,0.9997976682204502,0.00021977536053686018,0.0,0.9997925961101282,0.0002307615236772226,0.0,388.1914641083466,3.1423962187198007,0.0,0.005866707200059759,0.0051085583120608164,0.0,1.017452763079623,2.7143198623003375,4.7115125236419715,0.9997306208772899,0.0003685680744907407,0.0,0.9997339023437475,0.00035003127405904303,0.0,0.9997364008777758,0.0003319946212745805,0.0,0.9997387644059531,0.0003145063386108142,0.0,0.9997418493999448,0.0002975015968362823,0.0,0.9995486066483086,0.0005819898863593601,0.0,0.9995261705594856,0.0004897129611537606,0.0,0.9994748635090146,0.00037505726545246083,0.0,0.9994070097786687,0.00020696097515329238,0.0,0.9993772013470769,-6.077114888464597e-5,0.0,3.2452766112346176,1.9895342428640779,1.0,4.711481506835831,1.0,-9.318935484617351e-5,0.0,1.0,-0.0002082602814279133,0.0,0.9999391363985644,-0.00029221535510780305,0.0,0.9998051903208087,-0.0002573504805914836,0.0,0.9997212180827799,-0.0001683175807632473,0.0
17.0,13.124058694563244,1.025231623305615,389.12968407533424,-0.9384810855972887,0.0,0.45957956610218764,-1.082445062871083,-0.0,1.025231623305615,0.5301528827530912,1.7447186010272115,0.0,0.0,0.0,0.0,0.0,0.0,0.0,0.0,0.0,0.0,0.0,0.0,0.0,0.0,0.0,1.0,-6.284763512467752e-5,0.0,1.0,-6.941384913288837e-5,0.0,1.0,-7.55513751151875e-5,0.0,1.0,-8.144223241277378e-5,0.0,1.0,-8.699079193838952e-5,0.0,389.7281550516185,-2.5438079634085553,0.0,0.05058410916745832,0.007441520465536383,0.0,1.015379046747241,2.275014854836125,4.287083086464936,1.0,-0.0001478982567886102,0.0,1.0,-0.0001426520525300884,0.0,1.0,-0.00013633890048429147,0.0,1.0,-0.00012912512312726685,0.0,1.0,-0.00012113022218042656,0.0,1.0,-0.000255026704552859,0.0,1.0,-0.00020963111166984955,0.0,1.0,-0.00015091305650861652,0.0,1.0,-8.407208509146185e-5,0.0,1.0,-2.88624410759385e-5,0.0,0.2087722907324495,2.15795681850166,1.0,4.28708926948188,1.0,-3.51126342650258e-6,0.0,1.0,-1.9040638438754152e-5,0.0,1.0,-1.826945928396042e-5,0.0,1.0,-1.1190320236064716e-5,0.0,1.0,-6.823704261476949e-6,0.0
18.0,13.096160231498487,1.0251747691085946,388.51379700896615,0.9324713170101308,0.0,-0.4630262893830672,1.085497551448844,-0.0,1.0251747691085946,0.5254502041243682,1.7601939182129278,0.0,0.0,0.0,0.0,0.0,0.0,0.0,0.0,0.0,0.0,0.0,0.0,0.0,0.0,0.0,1.0,-0.001401108301420218,0.0,1.0,-0.0015195148601083192,0.0,1.0,-0.0016297445531460654,0.0,1.0,-0.0017347563754222441,0.0,1.0,-0.0018320270674025117,0.0,387.90887744490664,2.5348977245698094,0.0,-0.051529749551828076,-0.014399970064535037,0.0,1.015246446880938,2.2904428950343827,4.2599760641936015,1.0,-0.0029877319367347414,0.0,1.0,-0.0028974908398562175,0.0,1.0,-0.002787513234699903,0.0,1.0,-0.0026615592658725063,0.0,1.0,-0.002521733469513097,0.0,1.0,-0.005030024310812715,0.0,1.0,-0.0040456209888728575,0.0,1.0,-0.002820796578882538,0.0,1.0,-0.0014527111373252377,0.0,1.0,-0.0003142050281476096,0.0,3.3511717004570927,2.160920484627619,1.0,4.260097149933208,1.0,-8.701605577641966e-5,0.0,1.0,-0.00022687582658232187,0.0,1.0,-0.00017274518843083802,0.0,1.0,-4.9549873199525886e-5,0.0,1.0,9.869348338210496e-6,0.0
19.0,26.97651552396911,1.059065699764716,389.1851363700324,-0.9118501634543315,0.0,0.5246191392135311,-1.021055983535465,-0.0,1.059065699764716,0.5296254682703764,1.6483160050427599,0.0,0.0,0.0,0.0,0.0,0.0,0.0,0.0,0.0,0.0,0.0,0.0,0.0,0.0,0.0,1.0,-0.004482546811955012,0.0,1.0,-0.00463271702663496,0.0,1.0,-0.004774268511375847,0.0,1.0,-0.004925580256056254,0.0,1.0,-0.005088600834038463,0.0,389.9314858635454,-2.3543867401399288,0.0,0.08045813187370746,0.006584467273671456,0.0,1.0496164975309,2.2068455743319824,11.294826562037736,1.0,-0.008234848389782012,0.0,1.0,-0.007952555348675774,0.0,1.0,-0.007669281384479002,0.0,1.0,-0.007378855436938786,0.0,1.0,-0.007079000325714693,0.0,1.0,-0.03409642960062251,0.0,0.9999264253140976,-0.029012846514827186,0.0,1.0,-0.03556092392051618,0.0,1.0,-0.03482398735927021,0.0,0.9861499276746633,0.019665818214320546,0.0,0.43310139489999105,2.303314619776889,1.0,11.296901914286254,0.9997491797180332,0.0038669360919359004,0.0,0.9992021516958485,0.0012899056098085568,0.0,0.9997801454178564,-0.0008299776316158326,0.0,0.9998940820957501,-0.006171447967119115,0.0,0.9915756443469831,-0.01166261524072899,0.0
20.0,12.570161124050719,1.0238286236883292,388.45642674485623,0.9277575215904008,0.0,-0.5025721496185234,1.0257553944201494,-0.0,1.0238286236883292,0.5472586791159478,1.56211025883488,0.0,0.0,0.0,0.0,0.0,0.0,0.0,0.0,0.0,0.0,0.0,0.0,0.0,0.0,0.0,1.0,-0.00355316840067418,0.0,1.0,-0.003484089257180921,0.0,1.0,-0.003435227779096216,0.0,1.0,-0.003383854176586233,0.0,1.0,-0.003311577295850558,0.0,387.7900238852316,2.359092357650969,0.0,-0.06693932800460053,-0.021423296846526718,0.0,1.014432488672476,2.2714005026420745,4.054500899762422,1.0,-0.004113916467239413,0.0,1.0,-0.004254287350367488,0.0,1.0,-0.004378762162243939,0.0,1.0,-0.004486619388698671,0.0,1.0,-0.00457288495287998,0.0,1.0,-0.006597100917339018,0.0,1.0,-0.005797549128889838,0.0,0.9997215981628931,-0.005288279136080276,0.0,0.9997618159885556,-0.005527132906971477,0.0,0.9988957203968268,-0.00695414882734885,0.0,3.4403408962054143,2.2605263834882154,1.0,4.134890783695395,1.0,-0.0028736249801654566,0.0,1.0,0.12671171401125927,0.0,1.0,-0.0043537031026284504,0.0,1.0,-0.004242698153273813,0.0,0.9997560877062888,-0.0038361631052608895,0.0
21.0,24.831004826662355,1.0531662784174616,388.28965184982076,-0.8338371876195972,0.0,-0.5256953401038139,-1.020698176354951,-0.0,1.0531662784174616,0.533734753130999,6.489082661607521,0.0,0.0,0.0,0.0,0.0,0.0,0.0,0.0,0.0,0.0,0.0,0.0,0.0,0.0,0.0,0.9783191854027301,-0.00013247089908115586,0.0,0.9780924776744243,-0.006544068020393262,0.0,0.9799136660027582,-0.015370901467562384,0.0,0.982671763758492,-0.023980573789794672,0.0,0.9860874158315938,-0.029732770700718406,0.0,386.3965356786355,2.36348452312353,0.0,0.21118104781311375,0.2158416791766432,0.0,1.0205735413065122,7.009114506181609,5.399011058584544,0.9794410864778443,-0.0059776376986931425,0.0,0.984934325919848,-0.014797408663360614,0.0,0.9894683309336604,-0.02364215998103361,0.0,0.9908144245375576,-0.03058724373057365,0.0,1.0,-0.12929158344095595,0.0,0.9823217207039354,0.00018920745821318456,0.0,0.9820487414394726,0.003309655915192473,0.0,0.9827637433180784,0.005988986589093435,0.0,0.984239292005227,0.008726057652230088,0.0,0.9862908811199986,0.012370828604696174,0.0,3.4424307248284998,2.3497088747949366,1.0,5.400061847157679,0.9931532659568921,0.0032832957772324887,0.0,0.9968030033486835,0.01174912729431012,0.0,0.9955594513521643,0.011883768883188942,0.0,0.9943134655880745,0.010582977379588656,0.0,0.9932182418126864,0.00887870582017706,0.0
22.0,13.4974606147489,1.0261771959139445,389.0606921681951,-0.9162131479065678,0.0,0.4266714753681332,-1.178358854700598,-0.0,1.0261771959139445,0.4840379325506816,1.9544378209274578,0.0,0.0,0.0,0.0,0.0,0.0,0.0,0.0,0.0,0.0,0.0,0.0,0.0,0.0,0.0,0.9987072712836175,-0.00428583326073556,0.0,0.9990354169736713,-0.004153127750505792,0.0,0.9988955048701958,-0.004044635795313422,0.0,0.9987307877540705,-0.0039657024754116265,0.0,0.9986075805946237,-0.0039154219894252515,0.0,389.57104890297245,-2.813347203062563,0.0,0.022644713719344515,-0.0022290694119573846,0.0,1.015376216954685,2.45998525911596,4.300505609259128,0.9976265661168515,-0.005243114930727538,0.0,0.9976530303231075,-0.005065212366014856,0.0,0.99778389963435,-0.00493428678195967,0.0,0.9979195189704562,-0.004858587511278968,0.0,0.998067480685065,-0.004841516459957748,0.0,0.9962939507422875,-0.00793851292818265,0.0,0.9967005635252897,-0.0064339111828321735,0.0,0.9943774931045896,-0.004908739211540618,0.0,0.9926352340838922,-0.0031444526115651543,0.0,0.9926211496096905,-0.0010893403321595618,0.0,0.298856240060073,2.680249307544622,1.0,4.298493992895671,0.9997234533517937,0.0002769670522945794,0.0,0.9997132223309347,0.0004388188412875939,0.0,0.9988930800320197,0.0005729223152693713,0.0,0.9981109479615567,0.0004875139636634116,0.0,0.9975004224225916,0.0002029865202019367,0.0
23.0,13.363794867053626,1.0258579802235954,388.5615440612632,0.9433057250658516,0.0,-0.4232994029343118,1.144035586871761,0.0,1.0258579802235954,0.5115204970354312,1.9342374401811047,0.0,0.0,0.0,0.0,0.0,0.0,0.0,0.0,0.0,0.0,0.0,0.0,0.0,0.0,0.0,0.9998627147019241,0.00012609005686776753,0.0,0.9998412187785649,0.0001378870570149868,0.0,0.9998277023776352,0.00014827420220281886,0.0,0.9998188333566184,0.00015817396356303484,0.0,0.9998129666828757,0.00016760786975458415,0.0,388.0472665152312,2.7753630778057836,0.0,-0.02617418751409219,-0.006430627870575041,0.0,1.0151257468992767,2.4453150468165816,4.236375202319029,0.9997478425075613,0.0002736286588555082,0.0,0.9997496414422583,0.0002626625782787456,0.0,0.9997515416079598,0.0002507473343633903,0.0,0.9997541258421357,0.000238049760603502,0.0,0.9997580865649998,0.00022461548831106487,0.0,0.9995941625718154,0.00042850626812060264,0.0,0.9995874989156603,0.0003504092153889019,0.0,0.9995730154413132,0.0002522924678624062,0.0,0.9995654723044197,0.0001225267020402267,0.0,0.9995995797263622,-4.16966419710363e-5,0.0,3.4534843806495643,2.6606553206223897,1.0,4.2363466807014785,1.0,-3.674063792926041e-5,0.0,0.9999854471645295,-9.079992112912986e-5,0.0,0.9999368316989407,-0.00011034823438692874,0.0,0.9998896976138915,-0.00010161551231523022,0.0,0.9998519759663679,-7.512024485474423e-5,0.0
24.0,12.729155735873661,1.0237557053750823,388.3989565509448,-0.8978005873994807,0.0,-0.13288349146319844,-1.2886252794234605,-0.0,1.0237557053750823,0.7358756484091062,1.6590778493403506,0.0,0.0,0.0,0.0,0.0,0.0,0.0,0.0,0.0,0.0,0.0,0.0,0.0,0.0,0.0,0.9991701902137422,6.0284045173679536e-5,0.0,0.9992515111122618,-0.00021491490120411895,0.0,0.9993814055786994,-0.0003627527455265864,0.0,0.9994965842983171,-0.1947070053157723,0.0,0.9995989500998446,-0.00047601634333960485,0.0,389.2030823005662,-2.599983312628094,0.0,0.14124238623281338,0.021017239757230837,0.0,1.0138937979451517,2.365990085634538,3.9840974456441107,0.9999791807531634,-0.0006983100023654495,0.0,0.9998973463819131,-0.0007035906600290164,0.0,0.9998059167374421,-0.000709323551970892,0.0,0.9996988234469564,-0.0007124523268507955,0.0,0.9995674249990748,-0.0007052139562459943,0.0,1.0,-0.0010037753181578212,0.0,1.0,-0.0007853216541307133,0.0,1.0,-0.0005571855653824479,0.0,1.0,-0.0003100951144467795,0.0,1.0,-6.101200621213338e-5,0.0,0.3122012841668259,2.6809424867077367,1.0,3.9841147068455554,0.999989516293815,1.7453829111301245e-5,0.0,1.0,4.718111653552145e-5,0.0,1.0,6.183047906106875e-5,0.0,1.0,5.6880661867769777e-5,0.0,1.0,3.563541620861665e-5,0.0
25.0,14.089852355398872,1.0276696905361629,388.591806645178,0.9508911509230935,0.0,-0.40257772212493337,1.1830091666287441,-0.0,1.0276696905361629,0.5012442027516566,2.053826749670303,0.0,0.0,0.0,0.0,0.0,0.0,0.0,0.0,0.0,0.0,0.0,0.0,0.0,0.0,0.0,1.0,-0.0005237319855356079,0.0,1.0,-0.0005649200652239157,0.0,1.0,-0.000599270255695977,0.0,1.0,-0.000631598154017971,0.0,1.0,-0.0006632104173488774,0.0,388.13586659477625,2.973208999117891,0.0,-0.007392020810456621,0.009752487744677494,0.0,1.016367927646398,2.5571574351114377,4.4887881188319145,1.0,-0.001057728050738404,0.0,1.0,-0.0010109568704839977,0.0,1.0,-0.0009639548042188758,0.0,1.0,-0.0009168763552392488,0.0,1.0,-0.000869378262309237,0.0,1.0,-0.0016876459209016388,0.0,1.0,-0.001407349298709164,0.0,1.0,-0.0010954878491303307,0.0,1.0,-0.000750042412034729,0.0,1.0,-0.0003963657166307864,0.0,3.3508232949915095,2.7838034163208287,1.0,4.48883584903356,1.0,-3.622255734188587e-5,0.0,1.0,-8.804740231056497e-5,0.0,1.0,-6.691401110206071e-5,0.0,1.0,-6.0391593078965745e-5,0.0,1.0,-9.120880542086829e-5,0.0
26.0,14.89419331721171,1.0296289248587258,389.03133970530683,-0.9593034908982574,0.0,0.3927562528408138,-1.2116407001655822,0.0,1.0296289248587258,0.4961932498301333,2.2133308815830404,0.0,0.0,0.0,0.0,0.0,0.0,0.0,0.0,0.0,0.0,0.0,0.0,0.0,0.0,0.0,0.9995501792303725,0.0005081941168461776,0.0,0.9994864061877838,0.0005509900028714175,0.0,0.9994536411670789,0.0005864189429590032,0.0,0.9994358396672001,0.0006193506443334746,0.0,0.9994265814520363,0.0006515226182402107,0.0,389.4418783707543,-3.1622141630657663,0.0,-0.008269037653197548,-0.012105269231388832,0.0,1.0175745599275299,2.7077847535079766,4.738491138242234,0.9992990117624754,0.0010443585471872484,0.0,0.9992979297109174,0.0009913992202275359,0.0,0.9992953923032886,0.000939922573280822,0.0,0.9992931529887237,0.0008898517361347502,0.0,0.999293514862076,0.0008408165376242803,0.0,0.998855591247781,0.0016651365653351906,0.0,0.9988183440876843,0.001413439048465777,0.0,0.9987005806878418,0.0011135977434846944,0.0,0.9985304922910387,0.0006913766971833998,0.0,0.9984339591550387,3.416631237726345e-5,0.0,0.10350838793050446,2.9553646017296784,1.0,4.738393294048327,0.9999437732458331,-0.00021403950362716627,0.0,1.0,-0.00045196076052656875,0.0,0.9999761616095607,-0.0006387563606943136,0.0,0.9994614753666863,-0.0005432187677233302,0.0,0.9992732489606531,-0.0003199003324270726,0.0
27.0,14.831215730337211,1.0294759825331934,388.6085176297683,0.9661639677735133,0.0,-0.38954300678764475,1.2044391651335284,-0.0,1.0294759825331934,0.5024364775964697,2.1895000458446985,0.0,0.0,0.0,0.0,0.0,0.0,0.0,0.0,0.0,0.0,0.0,0.0,0.0,0.0,0.0,1.0,-0.0031237612724597697,0.0,1.0,-0.0033631479670092695,0.0,1.0,-0.003562782222377075,0.0,1.0,-0.003749147944223494,0.0,1.0,-0.0039331136518727045,0.0,388.20060336064665,3.1505754492858626,0.0,0.007528222730238928,0.011275582218207236,0.0,1.0174723745425638,2.707828550717633,4.715770783609525,1.0,-0.006332374697247672,0.0,1.0,-0.006013791387549016,0.0,1.0,-0.005705545722853432,0.0,1.0,-0.005406749767003639,0.0,1.0,-0.0051162541699613625,0.0,1.0,-0.010025109356534135,0.0,0.9997282146170464,-0.008483497485043024,0.0,0.999412279933753,-0.006683539291567351,0.0,0.9990929033897508,-0.004271064545656362,0.0,0.9988490090470585,-0.0007450476275320843,0.0,3.2484005693569133,2.933130270910608,1.0,4.715679872568886,1.0,0.0009934103639945742,0.0,1.0,0.001986354280316506,0.0,1.0,0.0028506892294613306,0.0,0.9995831345170048,0.0024154727975931245,0.0,0.9994362703285655,0.0013488298348195735,0.0
28.0,14.874532316658293,1.0296065835138268,389.030636639798,-0.958193530899894,0.0,0.3920434947204453,-1.2114716381225636,-0.0,1.0296065835138268,0.4955517871506188,2.2207480913691993,0.0,0.0,0.0,0.0,0.0,0.0,0.0,0.0,0.0,0.0,0.0,0.0,0.0,0.0,0.0,1.0,-0.002419258190256221,0.0,1.0,-0.00248538877127148,0.0,1.0,-0.0025236805875563156,0.0,1.0,-0.0025576380970554007,0.0,1.0,-0.0025950841075326595,0.0,389.44142158443634,-3.1519543490022808,0.0,-0.006785700739074761,-0.005647454920516884,0.0,1.0174859024062965,2.724344943166352,4.716814818132294,1.0,-0.003566947843603364,0.0,1.0,-0.0034729575455542017,0.0,1.0,-0.0033855614260299384,0.0,1.0,-0.003308188820431944,0.0,1.0,-0.0032400186618634307,0.0,1.0,-0.005638274427555764,0.0,1.0,-0.004794538325021487,0.0,1.0,-0.003741125855628591,0.0,1.0,-0.002114401684270831,0.0,1.0,0.0005150116610472997,0.0,0.10346040782935205,2.9778105422311905,1.0,4.717072676839829,1.0,0.0009987946052206532,0.0,0.9997756362085352,0.001758850024411357,0.0,0.9999281982775874,0.0025522643615664914,0.0,1.0,0.002325542802123769,0.0,1.0,0.001545919378991145,0.0
29.0,14.841707402617267,1.0295079497334876,388.60934262834274,0.9640688353123209,0.0,-0.3899056810346639,1.204882078478819,-0.0,1.0295079497334876,0.5009575558591169,2.1864296079313035,0.0,0.0,0.0,0.0,0.0,0.0,0.0,0.0,0.0,0.0,0.0,0.0,0.0,0.0,0.0,0.9999306460310794,-0.004966891225148066,0.0,0.999943684294172,-0.00525860456193978,0.0,0.999952631893347,-0.005483303340019842,0.0,1.0,-0.005698405986575299,0.0,1.0,-0.0059205548708921455,0.0,388.19864042628757,3.1404194726645698,0.0,0.006061136738084156,0.007722411135448722,0.0,1.017486203702852,2.718374761746683,4.711327443803098,1.0,-0.0094296298675969,0.0,1.0,-0.008952584251964817,0.0,1.0,-0.008501803712353543,0.0,1.0,-0.008080697647564718,0.0,1.0,-0.007688686483731417,0.0,0.9999255092866745,-0.014899580632084039,0.0,0.9998373486456953,-0.012690472937557044,0.0,0.9996990970654623,-0.009902257466024272,0.0,0.999553895705897,-0.005689564603427236,0.0,0.9994388108340229,0.0012104890226895776,0.0,3.2448663435746563,2.9862793560750927,1.0,4.724618033277065,1.0,0.0029018344193580156,0.0,0.9992996739779874,0.005315656317634666,0.0,0.9999157032993016,0.007494195200954743,0.0,0.9997834686822435,0.006582411564101261,0.0,0.9997183688684975,0.004230443840884518,0.0
31.0,13.156367115118922,1.0249898188681459,389.13641033076,-0.9408002782552352,0.0,0.4636776782559183,-1.0753067628912858,-0.0,1.0249898188681459,0.5339087833409495,1.8220531047680473,0.0,0.0,0.0,0.0,0.0,0.0,0.0,0.0,0.0,0.0,0.0,0.0,0.0,0.0,0.0,0.9929485446962117,0.00310856896461526,0.0,0.9919303516154176,0.00362162218067614,0.0,0.991221495202435,0.004099537048454312,0.0,0.9907167767312846,0.004560787506439691,0.0,0.9903611756281967,0.004998811132752396,0.0,389.7494383176515,-2.5393774308229182,0.0,0.051342312139266995,0.021927932138365733,0.0,1.0150137753906219,2.294206653381226,4.253281330409639,0.9864956881137069,0.009178442421893156,0.0,0.9865214555641597,0.008798275383869382,0.0,0.9866033466397127,0.008331908690522619,0.0,0.9867644253288701,0.00778917037217955,0.0,0.9870373823397587,0.007174286822001094,0.0,0.9771050903725288,0.015452854351796616,0.0,0.9791708402789768,0.012623016550153196,0.0,0.981435410097141,0.008985851530424043,0.0,0.9844610849013908,0.004896153200736546,0.0,0.9888053204027226,0.0015678770534263264,0.0,0.21011727531620472,3.1612700094487174,1.0,4.252917243219062,0.9973037456464386,0.0006502968208088025,0.0,0.997526253227075,0.0012225170524330974,0.0,0.9976990408686223,0.0010559821391749478,0.0,0.9973437338986404,0.0006031380046113629,0.0,0.9964953605129561,0.00033653924727994593,0.0
32.0,13.106337607932538,1.0250892483228684,388.5092746689229,0.9353224329903654,0.0,-0.4646990697995201,1.0803642586838507,-0.0,1.0250892483228684,0.5290019221509413,1.781648640212859,0.0,0.0,0.0,0.0,0.0,0.0,0.0,0.0,0.0,0.0,0.0,0.0,0.0,0.0,0.0,0.9973631665933644,0.0017838207592000312,0.0,0.9970592249920818,0.002022405555391009,0.0,0.9968470861273413,0.00226248604675203,0.0,0.996693785841464,0.0024983352752603475,0.0,0.9965917574924915,0.002701940228009747,0.0,387.89842798602365,2.5326196451844214,0.0,-0.051782577885681615,-0.01922980825280506,0.0,1.0151254191515833,2.2992987516462273,4.248287330322573,0.99553255774296,0.0046802980154673915,0.0,0.9954973699949066,0.0045017049005921924,0.0,0.9954832538244414,0.004281902858686399,0.0,0.9954963479648716,0.004031757319553666,0.0,0.9955474591383657,0.003746481173458154,0.0,0.9925460765637648,0.0078104808696805314,0.0,0.9933219822214522,0.006375290775980138,0.0,0.9941583860860118,0.004496943187272123,0.0,0.9951840125329414,0.002303585952400107,0.0,0.9965504019736753,0.00040665349617576496,0.0,3.3514829693649335,3.1621759026992113,1.0,4.248100963599938,0.9991062170554772,8.51245487757346e-5,0.0,0.9991926371531008,0.00028676249392303206,0.0,0.9992667391976214,0.00019033335586415216,0.0,0.9991675234622137,-1.663555301121778e-5,0.0,0.9989060479104173,-0.00010791589396821319,0.0
33.0,21.434013819399695,1.0455840937682965,388.5343443172726,0.934736655290069,0.0,-0.46658575294598775,1.0778304498311655,-0.0,1.0455840937682965,0.5335669590290373,1.7153945667529769,0.0,0.0,0.0,0.0,0.0,0.0,0.0,0.0,0.0,0.0,0.0,0.0,0.0,0.0,0.0,1.0,-0.004097840266916884,0.0,1.0,-0.004299890210423399,0.0,1.0,-0.004474475798778051,0.0,1.0,-0.004644496166180482,0.0,1.0,-0.004816046245700544,0.0,387.8540907143334,2.50397918540131,0.0,-0.07054554944135102,-0.00530525784980415,0.0,1.0357941784201965,2.278773887974596,8.453332784574208,1.0,-0.007841736773972907,0.0,1.0,-0.007555707111835198,0.0,1.0,-0.0072640524595279825,0.0,1.0,-0.0069662881962048945,0.0,1.0,-0.0066643877350816135,0.0,1.0,-0.024109122903731676,0.0,1.0,-0.016889105419933947,0.0,0.9999124615793009,-0.018601261046729087,0.0,0.9998947092556643,-0.020276620276864367,0.0,1.0,-0.0010427163054227949,0.0,0.32696016200691846,3.194250896338513,1.0,8.452945621068878,1.0,-0.0005566765128596356,0.0,0.9987368621608961,0.0007064132188914679,0.0,0.9991095600766814,0.0037764703803772684,0.0,1.0,0.006759063957146425,0.0,1.0,0.006861457859438039,0.0
34.0,21.95276949452385,1.0467562109828545,389.2276422245468,-0.8890198564571358,0.0,0.5855131398023408,-1.1203007700427592,-0.0,1.0467562109828545,0.5105669397822212,1.8428133456859723,0.0,0.0,0.0,0.0,0.0,0.0,0.0,0.0,0.0,0.0,0.0,0.0,0.0,0.0,0.0,1.0,-0.007140977055357301,0.0,1.0,-0.008799375506654106,0.0,1.0,-0.009742747982888997,0.0,1.0,-0.010416279331982376,0.0,1.0,-0.010892198366956636,0.0,389.8522359235083,-2.571379668847453,0.0,0.04273035380525512,0.005244258095286419,0.0,1.0363722004729539,2.393738807124156,8.602444570169224,1.0,-0.014106576931800688,0.0,1.0,-0.014555409785598375,0.0,1.0,-0.014827142377861237,0.0,1.0,-0.01487119580410249,0.0,1.0,-0.014638031094239973,0.0,1.0,-0.03418358180673502,0.0,0.9946534103645241,-0.030383081099935937,0.0,0.991860623996028,-0.04441409148287475,0.0,1.0,-0.049440129114081854,0.0,1.0,-0.005563876934698275,0.0,3.462690386517728,3.1917965582197954,1.0,8.603205831762274,0.9985454664762355,-0.02393528745787992,0.0,0.9856953029604588,-0.019553603714392645,0.0,0.9841985495289446,0.0014276137952204866,0.0,0.9971993976101972,0.012204060760543386,0.0,1.0,0.012636730753081471,0.0
35.0,12.484380703798267,1.0236315428248441,389.185756550021,-0.921091041818059,0.0,0.5075891856915181,-1.0294810028826784,-0.0,1.0236315428248441,0.5419337246195984,1.6465388619161818,0.0,0.0,0.0,0.0,0.0,0.0,0.0,0.0,0.0,0.0,0.0,0.0,0.0,0.0,0.0,1.0,-0.0027835896562855927,0.0,1.0,-0.003020274258863089,0.0,1.0,-0.003259767365990158,0.0,1.0,-0.0034696054685078477,0.0,1.0,-0.00365659896371529,0.0,389.85665532211914,-2.3537617324234668,0.0,0.06701832819667396,0.023660273034114283,0.0,1.0142013786223536,2.2008554262968305,4.047430276496352,1.0,-0.005989771070309977,0.0,1.0,-0.00585256904582394,0.0,1.0,-0.0056643390881341805,0.0,1.0,-0.005432120295512746,0.0,1.0,-0.0051616550049891855,0.0,0.9999246386313373,-0.009752916908840106,0.0,0.9997712026955905,-0.007386011211026938,0.0,0.9996381231789533,-0.004689979519547306,0.0,0.9995575853075948,-0.002031368969872024,0.0,0.999587114842581,-0.000246763779563121,0.0,0.33589095523526985,3.303164611298732,1.0,4.047622414469304,0.9998640840864339,-0.0006513017402379664,0.0,0.9999057772209218,-0.0006963646740047782,0.0,1.0,-0.00048071295904875285,0.0,1.0,-0.00020132269759302478,0.0,0.9998773284298835,-1.2741202831783838e-5,0.0
36.0,12.452178471573347,1.0235695405986005,388.45957597158554,0.9136315349799917,0.0,-0.5118776773150057,1.0353954912101309,-0.0,1.0235695405986005,0.5350695232268626,1.6222234153669663,0.0,0.0,0.0,0.0,0.0,0.0,0.0,0.0,0.0,0.0,0.0,0.0,0.0,0.0,0.0,0.9995040844648604,-0.003987704729271075,0.0,0.9995466624184175,-0.004265654991665083,0.0,0.9995745528293065,-0.004512702446465238,0.0,0.9996186904284716,-0.0046942488733823715,0.0,0.9996715604370543,-0.00485383545369534,0.0,387.78806676712924,2.351177597861257,0.0,-0.0672788410667545,-0.016636151286949487,0.0,1.0142438222800354,2.183506902435091,4.055536115843709,1.0,-0.007447907815484193,0.0,1.0,-0.007366364873938245,0.0,0.9999174274870565,-0.00722676262141993,0.0,0.9997889739106528,-0.007039767625603223,0.0,0.9996697867481118,-0.00681273910376117,0.0,1.0,-0.011991131594163972,0.0,1.0,-0.008537862286060174,0.0,1.0,-0.004556395488530539,0.0,1.0,-0.0003678633642736786,0.0,1.0,0.0030224901961818425,0.0,3.4827042404345874,3.3140258582530224,1.0,4.055842514700717,0.9993635274357506,0.0007983332629247686,0.0,0.999599338891711,0.0010701820474566112,0.0,1.0,0.0014650294752862163,0.0,1.0,0.0017513176826978864,0.0,1.0,0.0018108416595572034,0.0
37.0,19.05284723681224,1.0396907404967166,388.4605658380115,0.907566153476442,0.0,-0.5469145687629545,1.002234144077333,-0.0,1.0396907404967166,0.527660191459486,1.6173113052165435,0.0,0.0,0.0,0.0,0.0,0.0,0.0,0.0,0.0,0.0,0.0,0.0,0.0,0.0,0.0,1.0,-0.0002005448731058748,0.0,1.0,-0.0004675045313679528,0.0,1.0,-0.000812076877069229,0.0,1.0,-0.0011761502402336957,0.0,1.0,-0.0015477236184570232,0.0,387.6563098462043,2.2356213809386727,0.0,-0.09660965970232083,-0.02991694085235624,0.0,1.0304089400882523,2.169552328959277,7.361473631657223,1.0,-0.00518776442949702,0.0,1.0,-0.004546227368367235,0.0,1.0,-0.003907081898288814,0.0,1.0,-0.0032572672168213893,0.0,1.0,-0.002596324414820608,0.0,0.9990429330001391,-0.018264861166416037,0.0,0.994921997536461,-0.020594919076079438,0.0,0.9928777579666235,-0.02914476200290285,0.0,0.9924302069595381,-0.04140035429418072,0.0,1.0,-0.02829459097704594,0.0,0.4264148808200974,3.5936221445535925,1.0,7.376849779519709,0.999795156233884,-0.0003677904414084338,0.0,0.9986116488499375,0.0017743528847528169,0.0,1.0,0.006273347460133197,0.0,1.0,0.00899886155486782,0.0,1.0,0.0021601127120177157,0.0
38.0,18.98884523339525,1.0395420170450402,389.18809843245054,-0.9093778802606338,0.0,0.5488454761576004,-0.9945894535333127,-0.0,1.0395420170450402,0.5313646612654604,1.5947637747433752,0.0,0.0,0.0,0.0,0.0,0.0,0.0,0.0,0.0,0.0,0.0,0.0,0.0,0.0,0.0,1.0,-0.0012685689853781823,0.0,1.0,-0.0014740055271373245,0.0,1.0,-0.0016968436775818695,0.0,1.0,-0.0019509842284342002,0.0,1.0,-0.0022103932693707923,0.0,389.9934394533545,-2.22418239348386,0.0,0.0978605654552312,0.025230597659561677,0.0,1.0303667273337525,2.148644774862771,7.352275906018454,1.0,-0.005221751604634486,0.0,1.0,-0.004760543774773534,0.0,1.0,-0.0042989723372319835,0.0,1.0,-0.0038322441144572456,0.0,1.0,-0.0033577514563274628,0.0,0.998660491485273,-0.01779829149498755,0.0,0.996040904018603,-0.0186487526119573,0.0,0.994883903648548,-0.025989810247622692,0.0,0.9947650740203463,-0.0361199062950566,0.0,1.0,-0.0227744756259396,0.0,3.567444779381032,3.5941302923271645,1.0,7.3617961165051895,0.9996911067358193,-0.0001625610321425878,0.0,0.9985457578772877,0.0016538622046314085,0.0,0.9996955998525193,0.005932531797151822,0.0,1.0,0.008726961633274685,0.0,1.0,0.0028077426543860902,0.0
39.0,13.295595937087942,1.0256806334389903,389.0849009441492,-0.9494967537265607,0.0,0.4210053606097182,-1.1349111003076973,-0.0,1.0256806334389903,0.518499415707273,1.8957456651221956,0.0,0.0,0.0,0.0,0.0,0.0,0.0,0.0,0.0,0.0,0.0,0.0,0.0,0.0,0.0,1.0,-0.004253798934960735,0.0,1.0,-0.004535859213631321,0.0,1.0,-0.0047781318791561425,0.0,1.0,-0.005009448968317551,0.0,1.0,-0.005231025667196677,0.0,389.59750282337455,-2.755590408184859,0.0,0.027951225354559947,0.004659415189231933,0.0,1.0150722302221107,2.432356047005915,4.224336478845313,1.0,-0.008318780703679082,0.0,1.0,-0.008019167634306802,0.0,1.0,-0.007701201384178254,0.0,1.0,-0.007370855188344281,0.0,1.0,-0.007031156032081506,0.0,1.0,-0.013101431140177268,0.0,1.0,-0.010831051110659,0.0,1.0,-0.008127503221435014,0.0,1.0,-0.0049324455494328566,0.0,1.0,-0.001531134544896379,0.0,0.3225087512787902,3.6482881668877742,1.0,4.2246583304072445,1.0,-0.0001729654681217502,0.0,1.0,0.00014160984753897062,0.0,1.0,0.000486458875142397,0.0,1.0,0.0005169993594919342,0.0,1.0,0.0002272524696296983,0.0
40.0,13.271020856879735,1.0256069922118964,388.5559113303133,0.955267536944773,0.0,-0.41773762038859424,1.1294237718412696,-0.0,1.0256069922118964,0.5239689641682249,1.8611108403273442,0.0,0.0,0.0,0.0,0.0,0.0,0.0,0.0,0.0,0.0,0.0,0.0,0.0,0.0,0.0,1.0,-0.008997087055866574,0.0,1.0,-0.009645646184842751,0.0,1.0,-0.01022222297518071,0.0,1.0,-0.010775984628738381,0.0,1.0,-0.011310093995068318,0.0,388.04822647662695,2.748945918317844,0.0,-0.02822716311235062,-0.00014632546871858247,0.0,1.0151150154179371,2.4194903035505786,4.233184077167556,1.0,-0.018548837076830447,0.0,1.0,-0.017837512102912696,0.0,1.0,-0.01707852183685369,0.0,1.0,-0.01628432705820289,0.0,1.0,-0.015458261673402446,0.0,1.0,-0.02917163300879387,0.0,1.0,-0.024064287501284844,0.0,1.0,-0.017975250513072725,0.0,1.0,-0.010789029798601376,0.0,1.0,-0.003117331152022138,0.0,3.4634209293505145,3.647445304922106,1.0,4.233266671666032,1.0,-0.00022649543214782477,0.0,1.0,0.0006296765367745834,0.0,1.0,0.0013811531018780932,0.0,1.0,0.0014001916447330578,0.0,1.0,0.0007081460728780717,0.0
41.0,14.879710136573705,1.0296076553815319,389.03257783640817,-0.96427073380006,0.0,0.39031540648448426,-1.2074072075298241,-0.0,1.0296076553815319,0.5003793209380175,2.2329602633290264,0.0,0.0,0.0,0.0,0.0,0.0,0.0,0.0,0.0,0.0,0.0,0.0,0.0,0.0,0.0,1.0,-0.0011093039145540556,0.0,1.0,-0.0011843795615643815,0.0,1.0,-0.0012456264099709952,0.0,1.0,-0.0013041482123752623,0.0,1.0,-0.0013635694394295763,0.0,389.43947720516144,-3.1596797832825434,0.0,-0.007396519160650753,-0.003099845992808152,0.0,1.0174248140117623,2.737493358671213,4.704442992125781,1.0,-0.002181710573562906,0.0,1.0,-0.002067516350720632,0.0,1.0,-0.001958356932668587,0.0,1.0,-0.0018548325697138389,0.0,1.0,-0.001756819589038397,0.0,1.0,-0.0034432599021818277,0.0,1.0,-0.0029615804913794225,0.0,1.0,-0.0023361247913136927,0.0,1.0,-0.0013454375321178252,0.0,1.0,0.00035582426354742545,0.0,0.10381319962109183,3.953222815299966,1.0,4.704434201509667,1.0,0.0007180620012736805,0.0,0.9998830657154226,0.001372951630474867,0.0,1.0,0.0019466884698690957,0.0,1.0,0.0017004216395422056,0.0,1.0,0.0010910886856909587,0.0
42.0,14.821007856283373,1.0294630663923103,388.61059657864814,0.9624452733632024,0.0,-0.3898729171381027,1.207554704234004,-0.0,1.0294630663923103,0.49932639277945,2.1697993784352874,0.0,0.0,0.0,0.0,0.0,0.0,0.0,0.0,0.0,0.0,0.0,0.0,0.0,0.0,0.0,1.0,-0.0049357058470360215,0.0,1.0,-0.005202673353974252,0.0,1.0,-0.0054030673177600025,0.0,1.0,-0.005595544624625052,0.0,1.0,-0.005796276029241501,0.0,388.20212053978315,3.14751156855797,0.0,0.007624558049117508,0.015640082727008887,0.0,1.0175369436622932,2.695916153733855,4.72779850998581,1.0,-0.009127593891436341,0.0,1.0,-0.008678550112763058,0.0,1.0,-0.008257643419790331,0.0,1.0,-0.007867169668578438,0.0,1.0,-0.007506307898924211,0.0,1.0,-0.014579637473230666,0.0,0.9998703661209385,-0.012392509932355467,0.0,0.9997585976726946,-0.00978018686395793,0.0,0.9996432517182468,-0.006027216077073578,0.0,0.9995542713747777,-5.120375457453903e-5,0.0,3.248562315092314,3.9327150915915015,1.0,4.72816742134897,1.0,0.0021308218615774797,0.0,0.9997982192378858,0.00419271281498012,0.0,1.0,0.005954929743502671,0.0,0.9998320408754934,0.0051080214529277135,0.0,0.9997772166260414,0.003078621711535785,0.0
43.0,14.877205287185653,1.0296099962110923,389.0319252046458,-0.9597616988460913,0.0,0.3924750901551084,-1.2097846111688846,-0.0,1.0296099962110923,0.49697284011529497,2.2163451043911224,0.0,0.0,0.0,0.0,0.0,0.0,0.0,0.0,0.0,0.0,0.0,0.0,0.0,0.0,0.0,1.0,-0.0002504616912145872,0.0,1.0,-0.00027021872292393243,0.0,1.0,-0.00028644410976734177,0.0,1.0,-0.0003016537211919886,0.0,1.0,-0.000316769734373736,0.0,389.4440746445574,-3.1519797589439076,0.0,-0.006942407364844186,-0.007802599850945249,0.0,1.0175251309220774,2.7141354966884905,4.72484881030051,1.0,-0.0005102304470149877,0.0,1.0,-0.00048353007288239936,0.0,1.0,-0.00045771512257944825,0.0,1.0,-0.0004328915864309448,0.0,1.0,-0.0004089817012647095,0.0,1.0,-0.000817948433946096,0.0,1.0,-0.0007005305555671761,0.0,1.0,-0.0005529175686145211,0.0,1.0,-0.00033882170526932113,0.0,1.0,-6.137579060333309e-6,0.0,0.10361760672897555,3.9798806006535004,1.0,4.724903035690237,1.0,0.0001402618406571893,0.0,0.9999943114767751,0.00021658622485466457,0.0,1.0,0.00030608151473109774,0.0,1.0,0.00026779545065375697,0.0,1.0,0.0001628057562970931,0.0
44.0,14.836778110850403,1.0294944137689725,388.6084402473488,0.9648789443109115,0.0,-0.3902192038034153,1.2035785655441844,-0.0,1.0294944137689725,0.5018216656757046,2.1822090424133025,0.0,0.0,0.0,0.0,0.0,0.0,0.0,0.0,0.0,0.0,0.0,0.0,0.0,0.0,0.0,1.0,-0.003966815412693061,0.0,1.0,-0.004212123312091144,0.0,1.0,-0.004405462681870348,0.0,1.0,-0.004589346562183672,0.0,1.0,-0.0047767909947125,0.0,388.19625357495727,3.1378326387741984,0.0,0.005998899082888283,0.010039570484350113,0.0,1.0175211916393283,2.702722488408227,4.724836588554672,1.0,-0.007584842307854988,0.0,1.0,-0.007207007598808141,0.0,1.0,-0.006847686995013038,0.0,1.0,-0.006508874889348436,0.0,1.0,-0.006189417821698386,0.0,1.0,-0.0121072413287607,0.0,1.0,-0.010265734292980956,0.0,0.9996791143559552,-0.008021396195780522,0.0,0.9994882045104339,-0.004846787937920946,0.0,0.9993314761768293,1.2519581491193995e-5,0.0,3.245578023758102,3.9902022317714327,1.0,4.7251883257984995,1.0,0.0017974730707997248,0.0,0.9996496219280692,0.0031924129570317663,0.0,1.0,0.004517617263049535,0.0,0.9997349158326809,0.0039501995101952425,0.0,0.9996580524311253,0.002431498740125006,0.0
45.0,13.156464651211534,1.0253039247030749,389.1243727700423,-0.9444389421361642,0.0,0.45081290013931785,-1.0840973995137204,-0.0,1.0253039247030749,0.5330606935462604,1.751775348489396,0.0,0.0,0.0,0.0,0.0,0.0,0.0,0.0,0.0,0.0,0.0,0.0,0.0,0.0,0.0,1.0,-0.008971886822030293,0.0,1.0,-0.009525104724216317,0.0,1.0,-0.01000901587269109,0.0,1.0,-0.01045455858606655,0.0,1.0,-0.010861435333696,0.0,389.7105357435147,-2.557607346988084,0.0,0.04949421079638893,0.013388549719421262,0.0,1.015335040297054,2.3154103408654483,4.277961403928531,1.0,-0.017086479634127537,0.0,1.0,-0.016669439209899304,0.0,1.0,-0.016169015214728636,0.0,1.0,-0.015604488823713552,0.0,1.0,-0.01498939770785931,0.0,1.0,-0.028262658516730092,0.0,1.0,-0.022605281491270213,0.0,1.0,-0.01579424924723737,0.0,1.0,-0.008285581920289855,0.0,1.0,-0.0020043789319574468,0.0,0.20620101579302255,4.15376659721876,1.0,4.278256864381898,1.0,-0.00035612093774090817,0.0,1.0,-0.0010449158269445896,0.0,1.0,-0.0008083857289672404,0.0,1.0,-0.0002442629901909177,0.0,1.0,-1.1789652118112998e-6,0.0
46.0,12.005338036650224,1.022281162514366,388.8824762612292,-1.0096678635175642,0.0,0.33658350974312645,-1.1025254948307839,-0.0,1.022281162514366,0.6145801203396308,1.48405585899609,0.0,0.0,0.0,0.0,0.0,0.0,0.0,0.0,0.0,0.0,0.0,0.0,0.0,0.0,0.0,1.0,-6.877744072682042e-5,0.0,1.0,-9.3868418238064e-5,0.0,1.0,-0.00011532597368936022,0.0,1.0,-0.00013556302086355397,0.0,1.0,-0.00015559222872126363,0.0,389.6317166461183,-2.3070093590595087,0.0,0.12919263401117684,0.04387938958281119,0.0,1.013545562966362,2.079964340798432,3.91338858569735,1.0,-0.00043389996606360624,0.0,1.0,-0.000383856946400835,0.0,1.0,-0.0003375019309400104,0.0,1.0,-0.0002938648695089848,0.0,1.0,-0.00025236096997534096,0.0,0.9999038758048395,-0.0006731896432237851,0.0,0.9998719775060074,-0.000566549049970091,0.0,0.9998429649368774,-0.0005198469208375326,0.0,0.9998032799273145,-0.000564002410924978,0.0,0.9998151788666719,-0.000714163902492615,0.0,0.31199627957382897,4.252106376376175,1.0,3.913349130818722,1.0,-0.000209246318303351,0.0,1.0,-0.0003101333339947552,0.0,1.0,-0.00036027602072644826,0.0,1.0,-0.0003684149989320107,0.0,0.9999756845357074,-0.00034922500864845363,0.0
47.0,12.540935987474192,1.0237806194508767,389.1829112315911,-0.9189791057145503,0.0,0.5078710694406837,-1.032656296187708,-0.0,1.0237806194508767,0.5390223930633515,1.6558767913959531,0.0,0.0,0.0,0.0,0.0,0.0,0.0,0.0,0.0,0.0,0.0,0.0,0.0,0.0,0.0,1.0,-0.00034579321673867833,0.0,1.0,-0.0003793195261064372,0.0,1.0,-0.0004146367849773988,0.0,1.0,-0.00044770042502966374,0.0,1.0,-0.0004774576496528965,0.0,389.85550898267525,-2.35889938960126,0.0,0.06684597972903783,0.02259481772809225,0.0,1.0143395365369852,2.1959721782968975,4.07501771834292,1.0,-0.0008077586448511161,0.0,1.0,-0.000785016580537144,0.0,1.0,-0.000754754053967531,0.0,1.0,-0.0007179203799928532,0.0,1.0,-0.0006752965669991308,0.0,1.0,-0.0013433407860854313,0.0,1.0,-0.0010347009406967505,0.0,1.0,-0.000675081381549544,0.0,1.0,-0.00031653227007761843,0.0,1.0,-7.938713391408806e-5,0.0,0.31640577331224745,4.277967895925774,1.0,4.07504690637507,1.0,-0.00011597940268659674,0.0,1.0,-0.00013185902125718504,0.0,1.0,-0.00010168939074298137,0.0,1.0,-5.801846484965586e-5,0.0,1.0,-2.7046766948380772e-5,0.0
48.0,12.495814710871247,1.0236670271286348,388.457211534356,0.9192344257346995,0.0,-0.5089263000536165,1.03073013690845,-0.0,1.0236670271286348,0.5402453962866901,1.6542339750640425,0.0,0.0,0.0,0.0,0.0,0.0,0.0,0.0,0.0,0.0,0.0,0.0,0.0,0.0,0.0,1.0,-0.0015500528599784195,0.0,1.0,-0.001688077951592431,0.0,1.0,-0.0018316315447319893,0.0,1.0,-0.0019607172542527966,0.0,1.0,-0.002075710612415942,0.0,387.7838788836683,2.3525530330328372,0.0,-0.06709191712173561,-0.02514751707571232,0.0,1.014219132906447,2.200393947489183,4.050427637252173,1.0,-0.003433436429107948,0.0,1.0,-0.003348789573600859,0.0,1.0,-0.003233495905218102,0.0,1.0,-0.003091582389601242,0.0,1.0,-0.002926587814738838,0.0,1.0,-0.005623059458013719,0.0,1.0,-0.004281693840282065,0.0,1.0,-0.0027496680706899524,0.0,1.0,-0.0012381783524352298,0.0,1.0,-0.0002448909938375146,0.0,3.467986763274676,4.2934554266886025,1.0,4.050513754779158,1.0,-0.0004375680453844015,0.0,1.0,-0.0004795540831576193,0.0,1.0,-0.0003561336951644316,0.0,1.0,-0.00018701274398129293,0.0,1.0,-6.766210429320588e-5,0.0
49.0,14.901772004542824,1.0295952749828607,388.6091427033149,0.9607490325430839,0.0,-0.3941192826941239,1.2095806636938269,-0.0,1.0295952749828607,0.4976533495973676,2.2173876379125823,0.0,0.0,0.0,0.0,0.0,0.0,0.0,0.0,0.0,0.0,0.0,0.0,0.0,0.0,0.0,0.998048727522543,0.0015961419666717163,0.0,0.997872837511405,0.0017911786485149245,0.0,0.9977993748837038,0.0019541796773669667,0.0,0.997777565607683,0.002101270642972731,0.0,0.9977862437333723,0.0022399659704300974,0.0,388.19506585796773,3.1629703162799108,0.0,0.00827376756180406,0.011620551151798929,0.0,1.017547777641925,2.7094421762939582,4.7387947626356794,0.9976204219413268,0.003674029658140365,0.0,0.9975476943936445,0.0034859557375702833,0.0,0.9974713648345656,0.003297986648724537,0.0,0.9973977144057236,0.0031084131700521793,0.0,0.9973349113755136,0.0029150482397604116,0.0,0.9963887100941428,0.005832530387515025,0.0,0.9966180238996722,0.0049085781829175425,0.0,0.9965824588781687,0.00386375614949525,0.0,0.9963812108479198,0.002559764701250816,0.0,0.9963440045769651,0.0008103652344098083,0.0,3.2435394652879364,4.956776223831071,1.0,4.738494078103237,0.9997698574528554,-0.00034358052042077474,0.0,0.9999158821432684,-0.0007057579590005851,0.0,1.0,-0.0010850336419224622,0.0,0.9987986437279573,-0.0008594649597578391,0.0,0.9983613871012629,-0.00038157540799527135,0.0
50.0,14.87908175556263,1.029618523089322,389.0301356235684,-0.9581528244048625,0.0,0.3917628361326011,-1.2125956311688348,-0.0,1.029618523089322,0.4952388228544326,2.2059180521602313,0.0,0.0,0.0,0.0,0.0,0.0,0.0,0.0,0.0,0.0,0.0,0.0,0.0,0.0,0.0,1.0,-0.0019662631285175315,0.0,1.0,-0.002099944596831859,0.0,1.0,-0.0022082779911551027,0.0,1.0,-0.0023116881615744523,0.0,1.0,-0.0024171893166705814,0.0,389.4389337438183,-3.1580233199256624,0.0,-0.007982482004389644,-0.011878235650733522,0.0,1.0175736599059815,2.7082421691493708,4.734648671224787,1.0,-0.0038944501104168903,0.0,1.0,-0.0036852632146549815,0.0,1.0,-0.003485810369275318,0.0,1.0,-0.003297682687495724,0.0,1.0,-0.0031205655156356055,0.0,1.0,-0.00628859347541788,0.0,1.0,-0.005444209091070834,0.0,1.0,-0.0043228293517836745,0.0,1.0,-0.0024824217671417918,0.0,1.0,0.0007736622819370714,0.0,0.10337886270558527,4.957602332748207,1.0,4.735034040173809,1.0,0.0014905922689383484,0.0,0.9997240697214382,0.0028422952620812346,0.0,1.0,0.003974305543359752,0.0,1.0,0.0034384510637438873,0.0,1.0,0.002198065045171629,0.0
51.0,14.828301208134665,1.029482378401769,388.61136978183237,0.9607261806319669,0.0,-0.39003257556163,1.2092689392444667,-0.0,1.029482378401769,0.49777989868043415,2.2103833068257353,0.0,0.0,0.0,0.0,0.0,0.0,0.0,0.0,0.0,0.0,0.0,0.0,0.0,0.0,0.0,1.0,-0.005867329408082407,0.0,1.0,-0.006188565108683123,0.0,1.0,-0.006423485273878638,0.0,1.0,-0.006649460795185733,0.0,1.0,-0.006886404635063434,0.0,388.2039310288014,3.1491941193450215,0.0,0.006710060847604994,0.003048076848920051,0.0,1.0173434525885747,2.7421533438386296,4.686609219462162,1.0,-0.010843624222135754,0.0,1.0,-0.01030377362176568,0.0,1.0,-0.009798186831171698,0.0,1.0,-0.009330633193880502,0.0,1.0,-0.00890106000321578,0.0,0.9999155983551918,-0.016885266487091252,0.0,0.9997664922482623,-0.014396814462868649,0.0,0.9996115389566022,-0.011282320974834241,0.0,0.9994509433397541,-0.006520480839616403,0.0,0.9993314284528403,0.0014181522636850228,0.0,3.2473033965140052,4.937235460234974,1.0,4.691375439327703,1.0,0.0031300268892813284,0.0,0.999489195373813,0.0060432927749644715,0.0,0.999917608582735,0.008639604539731468,0.0,0.9997588090000029,0.007590849022399952,0.0,0.9996745885315882,0.004891622401092555,0.0
52.0,14.893103492130141,1.0295194892582158,389.02966124975524,-0.9516776357404714,0.0,0.39595137600885044,-1.2164694208555817,-0.0,1.0295194892582158,0.49024434342140777,2.2443184061875487,0.0,0.0,0.0,0.0,0.0,0.0,0.0,0.0,0.0,0.0,0.0,0.0,0.0,0.0,0.0,0.9988319555785768,0.0009587436765499746,0.0,0.9987135707507839,0.0010764033805782535,0.0,0.9986572467701353,0.0011737119537856458,0.0,0.9986318577463571,0.0012613416272145767,0.0,0.9986244111445257,0.0013438137678502104,0.0,389.44628778579414,-3.1541604675257107,0.0,-0.006535309150122494,-0.0027130887149684948,0.0,1.0173380687061058,2.732948584678406,4.712924651543782,0.9984076061593941,0.0021951265786428935,0.0,0.9983905356673698,0.002082956683451269,0.0,0.998369273304755,0.0019706173386171795,0.0,0.9983477695916894,0.0018574850189006903,0.0,0.9983311446326953,0.0017425223679966414,0.0,0.9975164321554185,0.0034572532000093246,0.0,0.9976449960933419,0.002920130697131098,0.0,0.9976118390119213,0.0022793045958318867,0.0,0.997487719341666,0.0014351096838959659,0.0,0.9975059304696045,0.00026131146220710675,0.0,0.10344405102018041,4.982957112599611,1.0,4.712667506298997,0.999928513946666,-0.00032390066369914015,0.0,1.0,-0.0005655087490097402,0.0,0.91770941409145,-0.000819040513282438,0.0,0.9992457121411499,-0.0007134040817946222,0.0,0.9989191784005466,-0.00039985531870719883,0.0
53.0,14.841504156276251,1.0295129880187486,388.60815215471683,0.9635763808667869,0.0,-0.39156497309702776,1.2044616036490898,-0.0,1.0295129880187486,0.5007928253531054,2.184946795939436,0.0,0.0,0.0,0.0,0.0,0.0,0.0,0.0,0.0,0.0,0.0,0.0,0.0,0.0,0.0,1.0,-0.0020336520738135633,0.0,1.0,-0.0021646492248217626,0.0,1.0,-0.0022703771115753562,0.0,1.0,-0.002371014553686012,0.0,1.0,-0.00247282349356643,0.0,388.1937402862045,3.139007438304441,0.0,0.006181988551856389,0.011584927609728372,0.0,1.017554470696411,2.693985347339482,4.730764426564899,1.0,-0.003923223744050972,0.0,1.0,-0.003728142135971551,0.0,1.0,-0.0035415185330330817,0.0,1.0,-0.0033642072767691923,0.0,1.0,-0.003195606408076808,0.0,1.0,-0.0062967633657517105,0.0,1.0,-0.005328770120814705,0.0,1.0,-0.004167136468280422,0.0,1.0,-0.002571171899428671,0.0,1.0,-0.00021303282880013902,0.0,3.2455285076208247,4.990303277835585,1.0,4.7310147610793285,1.0,0.0008200018529324909,0.0,0.9998769364793012,0.001405452950452345,0.0,1.0,0.0019928842915969886,0.0,1.0,0.0017376448475715162,0.0,1.0,0.00103434241830389,0.0
54.0,13.121737762050554,1.025221059146059,389.12923635985163,-0.9409792276965555,0.0,0.45704763418517597,-1.0811907906521623,-0.0,1.025221059146059,0.5321419572345178,1.741893884280091,0.0,0.0,0.0,0.0,0.0,0.0,0.0,0.0,0.0,0.0,0.0,0.0,0.0,0.0,0.0,1.0,-0.0032548915220629022,0.0,1.0,-0.00353715352731236,0.0,1.0,-0.0037980271010183923,0.0,1.0,-0.0040475571460801656,0.0,1.0,-0.004281268831303686,0.0,389.7244500173159,-2.5437294989549013,0.0,0.05064191324932804,0.009607311541916595,0.0,1.0153472437784725,2.286504777017014,4.2805658964159035,1.0,-0.007095992604131477,0.0,1.0,-0.006869579547559411,0.0,1.0,-0.006597767804580223,0.0,1.0,-0.006288871976664436,0.0,1.0,-0.005947399870253019,0.0,1.0,-0.011985612718140783,0.0,1.0,-0.009682410425507862,0.0,1.0,-0.006806172435481228,0.0,1.0,-0.0035769628332979605,0.0,1.0,-0.0008549215749443942,0.0,0.2093727064748845,5.158158538097309,1.0,4.2806312471030274,1.0,-0.0002388607290436817,0.0,1.0,-0.0005655285347297665,0.0,1.0,-0.0004307147523845293,0.0,1.0,-0.0001402710185925466,0.0,1.0,-4.4924894963918e-6,0.0
55.0,13.093979767317133,1.0251627520555422,388.51390867553886,0.9357690676257866,0.0,-0.4601261671330666,1.0835508994189593,-0.0,1.0251627520555422,0.5281725624693181,1.7305479568285391,0.0,0.0,0.0,0.0,0.0,0.0,0.0,0.0,0.0,0.0,0.0,0.0,0.0,0.0,0.0,1.0,-0.004784407421127343,0.0,1.0,-0.005157362931173012,0.0,1.0,-0.0054997829094354115,0.0,1.0,-0.005826155596497732,0.0,1.0,-0.0061312251078107964,0.0,387.91498663294493,2.535350643796363,0.0,-0.05140613294806184,-0.00880058564883116,0.0,1.0153274116635764,2.282153369178965,4.276500910962891,1.0,-0.010062870817281286,0.0,1.0,-0.00975397665834201,0.0,1.0,-0.00938684899138184,0.0,1.0,-0.008972814148419248,0.0,1.0,-0.008519031824447555,0.0,1.0,-0.016913254555300246,0.0,1.0,-0.013614888688761716,0.0,1.0,-0.009560226148182013,0.0,1.0,-0.005060436603738775,0.0,1.0,-0.0013060194869838997,0.0,3.3518068679563973,5.161139973130304,1.0,4.276604967877421,1.0,-0.00034499984271622246,0.0,1.0,-0.0008107889145407551,0.0,1.0,-0.0006485349852933314,0.0,1.0,-0.0002595848436852987,0.0,1.0,-7.430970691196474e-5,0.0
56.0,12.64312006961147,1.0238072718256843,389.17908730995094,-0.9177102637993243,0.0,0.5077436403955603,-1.0363634681948493,-0.0,1.0238072718256843,0.5361155826405504,1.733859418356126,0.0,0.0,0.0,0.0,0.0,0.0,0.0,0.0,0.0,0.0,0.0,0.0,0.0,0.0,0.0,0.9942314022912404,0.0027799235769159513,0.0,0.9933292060542128,0.003085825779733739,0.0,0.9926963208566794,0.0034000833150314917,0.0,0.9922506380299503,0.0037083152749434814,0.0,0.9919287255894146,0.003993349140956259,0.0,389.85904266264646,-2.37308038950778,0.0,0.06571056091070228,0.029703459265338322,0.0,1.0142630324143154,2.197380612325825,4.087974797754141,0.9885191616418744,0.0070556144933401265,0.0,0.9884927223065466,0.006797989509800406,0.0,0.9885413931754247,0.0064822272084742085,0.0,0.9886829352204161,0.006113748826758149,0.0,0.9889427301079954,0.005698425261369136,0.0,0.9809785689456821,0.011931432579281904,0.0,0.9835655123676327,0.009722456243278837,0.0,0.9865127944449114,0.0072957021994367625,0.0,0.989995195639032,0.0052247592658018855,0.0,0.9937445502520244,0.004564454695016496,0.0,0.29725439040616636,5.2567279482076,1.0,4.0877896585348275,0.9973709104825565,0.002586507895893182,0.0,0.9977611684542762,-0.002827970386139856,0.0,0.9982166037898015,0.0032243224123450014,0.0,0.9983918508498677,0.0028400631645821377,0.0,0.998187028510953,0.0023905237879249266,0.0
57.0,12.566894027646029,1.0238122235974394,388.4643324940603,0.913195679991501,0.0,-0.5097881532898415,1.03969595452006,-0.0,1.0238122235974394,0.5324831083312909,1.6873458034304678,0.0,0.0,0.0,0.0,0.0,0.0,0.0,0.0,0.0,0.0,0.0,0.0,0.0,0.0,0.0,0.9987396632643106,0.0005092058623371106,0.0,0.998553147107814,0.0005755305731532536,0.0,0.9984230342267627,0.0006443058142208447,0.0,0.9983325785352338,0.0007111832973822685,0.0,0.9982686421235649,0.0007727874207990677,0.0,387.786569060329,2.363896878351491,0.0,-0.0663232044400966,-0.029330911429587547,0.0,1.0142576783575141,2.2186842907224236,4.064204618559094,0.9976047775791458,0.001372862465295408,0.0,0.9975910480479081,0.0013235768372653039,0.0,0.9975930817483218,0.0012608513412383218,0.0,0.9976144627680259,0.0011858262598506335,0.0,0.9976603957953131,0.0010994966380005976,0.0,0.996103497494633,0.0022915223742746285,0.0,0.9965973145671839,0.0018332337245712993,0.0,0.9971681378111288,0.0013204361341979526,0.0,0.9978565606937762,0.0008588432229134613,0.0,0.9986333847850708,0.0006527177413884322,0.0,3.4505797500876345,5.271460940851526,1.0,4.0641762066027525,0.9995869809920809,0.0004247380091458413,0.0,0.9996428835376736,-0.05192595287870245,0.0,0.9996934709474725,0.0004820201326844912,0.0,0.9996881689543937,0.000407286832206824,0.0,0.9996177828783082,0.00033186041708881304,0.0
58.0,14.856333308615511,1.0295511517781208,388.6090152453064,0.9635595686847426,0.0,-0.39136009086856843,1.2070128986109896,-0.0,1.0295511517781208,0.5001113541406506,2.2331131059677127,0.0,0.0,0.0,0.0,0.0,0.0,0.0,0.0,0.0,0.0,0.0,0.0,0.0,0.0,0.0,1.0,-0.0011520284623155403,0.0,1.0,-0.001226819582651197,0.0,1.0,-0.001287678744276133,0.0,1.0,-0.001345721918235642,0.0,1.0,-0.0014046134548500702,0.0,388.1992694771359,3.1559419142432126,0.0,0.007107185182465753,0.002061296592493725,0.0,1.0173670336514824,2.7378615324626816,4.692526785815845,1.0,-0.002219346111305652,0.0,1.0,-0.0021087526326334987,0.0,1.0,-0.002003226820762135,0.0,1.0,-0.0019026274767974666,0.0,1.0,-0.001806726185765051,0.0,1.0,-0.0034683590802935503,0.0,1.0,-0.0029388913439943997,0.0,1.0,-0.0023108729709074875,0.0,1.0,-0.0014178201407086253,0.0,1.0,-4.4142457021011366e-5,0.0,3.245981851396182,5.942250916912283,1.0,4.692720530228622,1.0,0.00047435351496398145,0.0,1.0,0.0008681275095679436,0.0,1.0,0.001279329727990444,0.0,1.0,0.0010994217940608357,0.0,1.0,0.0006639712583560625,0.0
59.0,14.880471120192595,1.0296042829152794,389.03317404467606,-0.9665765721267714,0.0,0.3892544997067232,-1.20511679383319,-0.0,1.0296042829152794,0.5023968777555722,2.190700506859434,0.0,0.0,0.0,0.0,0.0,0.0,0.0,0.0,0.0,0.0,0.0,0.0,0.0,0.0,0.0,1.0,-0.0020868214978477006,0.0,1.0,-0.0022283860783944777,0.0,1.0,-0.002342948382737196,0.0,1.0,-0.002452523895790677,0.0,1.0,-0.0025643512927374643,0.0,389.4399503145617,-3.1554995999295317,0.0,-0.00787686491511717,-0.013673901538450273,0.0,1.0176156223938448,2.700529700149051,4.7432160947992426,1.0,-0.004153989149718868,0.0,1.0,-0.00392968475972359,0.0,1.0,-0.003715881358477174,0.0,1.0,-0.0035141889696421523,0.0,1.0,-0.003324590404227397,0.0,1.0,-0.0067477680616376285,0.0,1.0,-0.005848608487313532,0.0,1.0,-0.0046396800568101115,0.0,1.0,-0.002640960674927338,0.0,1.0,0.0009115265071809803,0.0,0.10296710770596534,5.968379524404808,1.0,4.743627940629296,1.0,0.0016788285650574286,0.0,0.9996408888457721,0.0031624349853633243,0.0,1.0,0.004404097721519787,0.0,1.0,0.0038108857397587963,0.0,1.0,0.0024438305508654124,0.0
60.0,14.85686784440636,1.029559343040872,388.6121483392203,0.9599111268118008,0.0,-0.3902417614731821,1.210568830995087,-0.0,1.029559343040872,0.49687452140713834,2.208203542081645,0.0,0.0,0.0,0.0,0.0,0.0,0.0,0.0,0.0,0.0,0.0,0.0,0.0,0.0,0.0,1.0,-0.005922586166586352,0.0,1.0,-0.006267950171496959,0.0,1.0,-0.0065260006845765835,0.0,1.0,-0.006774679768747749,0.0,1.0,-0.007033924843210641,0.0,388.2047280310806,3.1522249094806862,0.0,0.00699475167385491,0.004751443712387531,0.0,1.017432776689584,2.7392905960588143,4.697178757549987,1.0,-0.011201365414938953,0.0,1.0,-0.01062438274334377,0.0,1.0,-0.010081085377162053,0.0,1.0,-0.009576850666863502,0.0,1.0,-0.009111876407618324,0.0,1.0,-0.017552278437799995,0.0,1.0,-0.015053163339358931,0.0,1.0,-0.011786853024524788,0.0,1.0,-0.006518838227671786,0.0,1.0,0.002633317235429058,0.0,3.243692619462445,5.958104418508819,1.0,4.715320427308775,1.0,0.00406249245973744,0.0,0.9991109210807609,0.007707257891284061,0.0,1.0,0.010917787295214552,0.0,1.0,0.009597401363369137,0.0,1.0,0.0063023492781091464,0.0
61.0,14.85348879176975,1.029539770144928,388.60939595080737,0.9576466934191925,0.0,-0.39464509268917897,1.209395035585322,0.0,1.029539770144928,0.49583181479611976,2.21181022287605,0.0,0.0,0.0,0.0,0.0,0.0,0.0,0.0,0.0,0.0,0.0,0.0,0.0,0.0,0.0,0.999677488070347,0.0003706541666379083,0.0,0.999632772250137,0.00040071890002435387,0.0,0.9996105687927809,0.0004253847748191891,0.0,0.9995994032619384,0.00044828832584475973,0.0,0.9995945733261818,0.00047063162701011527,0.0,388.19103313977195,3.142384295006107,0.0,0.00605055053285211,0.007505703092518659,0.0,1.0174902053368033,2.706426824002139,4.719734874939024,0.999518931944323,0.0007455181156417638,0.0,0.9995151090411427,0.0007094749286741494,0.0,0.9995102349122473,0.0006743239259108138,0.0,0.999505619017563,0.0006399724158309042,0.0,0.9995029086550197,0.0006061763454762287,0.0,0.9992427616816545,0.0011787361828005283,0.0,0.9992754289748563,0.0009862684518649931,0.0,0.9992560290581226,0.000764133270501175,0.0,0.9992074639629703,0.0004794091424702368,0.0,0.9992079300457851,9.042929967474788e-5,0.0,3.245273770460987,5.989598096340201,1.0,4.7196850551564165,0.9999982749420689,-9.239882851064543e-5,0.0,1.0,-0.00018588914605570083,0.0,0.9999126713920011,-0.0002674827809255488,0.0,0.9997634287532543,-0.00023258610007877351,0.0,0.9996577715450171,-0.00013000377177013796,0.0
62.0,13.124839912479015,1.0252284884892056,389.12938585617957,-0.9374995483853273,0.0,0.46012657268255275,-1.08317716447315,0.0,1.0252284884892056,0.5292695313173262,1.7753186703439987,0.0,0.0,0.0,0.0,0.0,0.0,0.0,0.0,0.0,0.0,0.0,0.0,0.0,0.0,0.0,0.9998435449148271,0.00010895536767188678,0.0,0.9998184906147054,0.00011987265927646528,0.0,0.9998012726253503,0.0001298883967615677,0.0,0.9997890232049794,0.00013955808179228477,0.0,0.999780159906888,0.00014858885672630595,0.0,389.73159345233154,-2.5430195239286477,0.0,0.050854212321382014,0.017326028285944543,0.0,1.015231819883994,2.30425207271548,4.2580052488207185,0.9996855699718704,0.0002466068929358894,0.0,0.9996883056231815,0.00023869338683504625,0.0,0.9996920797156206,0.0002289868581199939,0.0,0.9996974559598777,0.00021775057076691006,0.0,0.99970515973157,0.00020513444584761343,0.0,0.9994649275890465,0.00041005009681476163,0.0,0.9995089621277372,0.0003280007394685039,0.0,0.9995581267332381,0.00022707161252190727,0.0,0.999628112249675,0.00011559227066289282,0.0,0.9997346547995873,2.2988021143130843e-5,0.0,0.20878185708455954,6.158021552767764,1.0,4.257994389281492,0.9999598503321381,1.370815427813071e-5,0.0,0.9999597335770887,1.8069524034854548e-5,0.0,0.9999572659253982,1.1694741425153179e-5,0.0,0.999944054042255,1.8987652510067163e-6,0.0,0.9999209047034929,-2.435077415691168e-6,0.0
63.0,13.10164929587431,1.0251751948626582,388.5115141866993,0.938357215100683,0.0,-0.46032671511556794,1.0808691048119339,-0.0,1.0251751948626582,0.5307655684970757,1.7461003515314657,0.0,0.0,0.0,0.0,0.0,0.0,0.0,0.0,0.0,0.0,0.0,0.0,0.0,0.0,0.0,1.0,-0.0013570289149826794,0.0,1.0,-0.001476315384036199,0.0,1.0,-0.0015870757092582481,0.0,1.0,-0.0016918804841690414,0.0,1.0,-0.0017902978590526317,0.0,387.91085686529846,2.537015501041831,0.0,-0.0512264749642567,-0.010974668015774198,0.0,1.015302255480044,2.281940919432241,4.2713689541651645,1.0,-0.0029521580145461584,0.0,1.0,-0.00286008296504556,0.0,1.0,-0.0027483404810381075,0.0,1.0,-0.0026206079915230395,0.0,1.0,-0.0024788143273654605,0.0,1.0,-0.0050059921468077325,0.0,1.0,-0.004036996433156723,0.0,1.0,-0.00282928681597787,0.0,1.0,-0.0014765475247845823,0.0,1.0,-0.0003489294342375319,0.0,3.3506199228192917,6.160298282720839,1.0,4.271473502248363,1.0,-0.00010013304480408122,0.0,1.0,-0.00024397306376170198,0.0,1.0,-0.00019096496712786877,0.0,1.0,-6.693369713842795e-5,0.0,1.0,-6.258908729520667e-6,0.0
64.0,12.482714988309386,1.0236698970018048,389.1751432922691,-0.9056029373933873,0.0,0.5133334732690624,-1.0450798352560984,-0.0,1.0236698970018048,0.5259492942708317,1.6315367376103282,0.0,0.0,0.0,0.0,0.0,0.0,0.0,0.0,0.0,0.0,0.0,0.0,0.0,0.0,0.0,1.0,-0.005994505195381103,0.0,1.0,-0.0065287626804427954,0.0,1.0,-0.007007438708019245,0.0,1.0,-0.007406032050657063,0.0,1.0,-0.007759623403837731,0.0,389.8491335731074,-2.3559353709380444,0.0,0.06716611023090704,0.01849995765823152,0.0,1.0142775819049015,2.200415568492883,4.062327966849519,1.0,-0.012768047180443868,0.0,1.0,-0.012443285731007284,0.0,1.0,-0.012039586719401993,0.0,1.0,-0.0115655131919449,0.0,1.0,-0.011028696261835239,0.0,1.0,-0.020975082605731832,0.0,1.0,-0.016333078824840475,0.0,1.0,-0.011409926206464272,0.0,1.0,-0.0070768375405941145,0.0,1.0,-0.004975902780679909,0.0,0.33702423570771456,6.303923598342798,1.0,4.062485421085825,0.999956232775081,-0.002808897531677961,0.0,0.9999714242132706,-0.0034841246722072143,0.0,1.0,-0.003380501604284813,0.0,1.0,-0.0028866602911877567,0.0,1.0,-0.0023773106702590307,0.0
