id,phi0,epsr,epsv,thetasf,rp_kep,ra_kep,alpha,ra,dt1,dt2,x_lpo,y_lpo,z_lpo,xdot_lpo,ydot_lpo,zdot_lpo,m_lpo,x_ra,y_ra,z_ra,xdot_ra,ydot_ra,zdot_ra,m_ra,x_rp,y_rp,z_rp,xdot_rp,ydot_rp,zdot_rp,m_rp,x_lr,y_lr,z_lr,xdot_lr,ydot_lr,zdot_lr,m_lr,t_lr,tof,lfb
1.0,0.0,1.0e-5,1.0e-5,0.0,0.25290552393589844,1.7507458511927765,1.912688938830287,2.054374761614481,7.472860592508865,4.300051736277724,387.69860093344846,-2.7942832202748374e-6,6.254866505756308e-23,1.0295809850156282e-5,-1.204010603755975,0.0,1.0,389.279341870983,-2.0026475247960427,1.1368322012851218e-22,0.2914335355375152,0.06809517906904666,2.857131718298671e-23,1.0126796740831037,388.7351941993485,0.25035365618899574,0.0,-2.4614371300929547,-0.8759460719091536,0.0,1.0212636617641966,388.36158275560433,-0.8780813301932013,-1.404914967581693e-23,0.16975086985222165,-0.9588947122000548,3.7348919903101394e-23,1.021239312705317,10.965090847950147,11.772912328786589,254.0
2.0,0.0,1.0e-5,1.0e-5,2.5132741228718345,0.3413678977712991,1.339546310584495,-0.22279354756242745,1.6809884668076296,6.259900974708331,3.8463908184774143,389.7294700155376,0.6598721595244261,6.254866505756308e-23,-0.7077080059766585,0.9740589881210344,0.0,1.0,387.1492433294187,0.17364861794523825,1.2627056212983726e-22,-0.05079953511365217,-0.48162465768100143,-1.1821377108428788e-23,1.0097066467602986,389.16344098813573,-0.06757373990129281,0.0,0.4745248129907854,2.0945282742026445,0.0,1.016846870502181,388.3860856439061,0.8862694152631497,3.7694848449180996e-23,-0.8900446711184049,0.23186471219253502,7.628260504026621e-23,1.016846870502181,9.17302692342653,10.106291793185745,151.0
3.0,0.0,1.0e-5,1.0e-5,3.141592653589793,0.2522974885053637,1.7552750584933543,-1.2356918787695887,2.060991812892672,7.499717871194159,4.308483396073157,389.94387638508044,2.794283220412321e-6,6.254866505756308e-23,-1.029580985030373e-5,1.204010603755975,0.0,1.0,388.379871295597,2.013177116674009,1.1129100171313962e-22,-0.28955390423279076,-0.06366360924560467,2.880956399775516e-23,1.012745502669674,388.9050686216152,-0.2503839782587437,0.0,2.4710742769330265,0.8605225200989808,0.0,1.021348587745739,389.2875052688146,0.867119384295496,-1.529573580327724e-23,-0.15965673016947213,0.9676610442469593,3.580105438312712e-23,1.021348587745739,11.009673760546981,11.808201267267316,260.0
4.0,0.0,1.0e-5,1.0e-5,5.654866776461628,0.34462227582069466,1.3337572266277262,2.9301732648697647,1.6778863851418457,6.2196868455272725,3.861282182169022,387.91300730299133,-0.6598721595244262,6.254866505756308e-23,0.7077080059766586,-0.9740589881210342,0.0,1.0,390.4930783361411,-0.14231941633317718,1.248298349132498e-22,0.04098227514325952,0.4856201748158878,-1.3411744924713734e-23,1.0096080798179619,388.47520456762635,0.06425001328012397,0.0,-0.44790573734441197,-2.086905312930363,0.0,1.0167914834596354,389.26698565658,-0.8837567318595653,3.9245375331772574e-23,0.8911460061619394,-0.21707731995686427,7.619124758266506e-23,1.0167650876961958,9.139660521277717,10.080969027696295,151.0
5.0,0.6283185307179586,1.0e-5,1.0e-5,0.0,0.028789617908024402,1.9781550144244924,2.6387813882362217,2.9896870873604935,8.822828171460813,9.387059795120138,387.6538194528015,0.05815257943631056,-7.860822740253528e-21,-0.002437199468588483,-0.9753970635604392,9.218510547861412e-21,1.0,391.2016393971458,-1.8088452690664145,-1.6861568265084486e-20,0.0049120511498178705,0.006317622500947588,2.2375648565513857e-22,1.0159885150732741,388.790936345822,0.024912992109764304,0.0,-3.963268387054415,-7.206487704224985,0.0,1.0375147105796438,389.5289177905668,-0.691384513743372,-3.3081146272197952e-21,0.8599901688434715,-0.5420841602407325,-5.714034326716653e-21,1.0375045539704335,17.60111488778603,18.20988796658095,315.0
6.0,0.6283185307179586,1.0e-5,1.0e-5,1.8849555921538759,0.1405592045651434,1.689944341725529,0.3584569078492201,2.6530410331553673,9.03997406694599,7.238210875304377,389.2372974232335,1.092311508242161,-7.860822740253528e-21,-0.9269045972198383,0.30373218333970853,9.218510547861412e-21,1.0,386.299987674306,-0.8257845932518869,-1.8201943017573856e-20,0.04856496492127933,-0.15113407057334685,-3.6535069826586797e-23,1.0165207510145806,388.9488894327621,0.06079453679094674,0.0,-1.2637987348138207,3.373348972548874,0.0,1.0325939236736426,387.8641720145228,0.24549070361409694,-2.1849776488535707e-21,-0.9642754332897644,-0.22931707027772474,-5.756658112703271e-21,1.032570809867748,15.588206253196063,16.278184942250366,251.0
7.0,0.6283185307179586,1.0e-5,1.0e-5,2.5132741228718345,0.08952586902766169,1.6528411321803966,0.18357747251343146,2.9858985838011627,9.674489299573013,12.027990985141559,389.7998818654281,0.6391453677711985,-7.860822740253528e-21,-0.5713522733014407,0.7905453505883475,9.218510547861412e-21,1.0,385.83570933191476,-0.04695730274052758,-7.634975163353515e-21,0.0010531960831518877,-0.04414948724987231,5.950713669536721e-22,1.0180759809623896,388.8992405618649,0.023216146641554643,0.0,-0.8352358729148646,4.498547882331163,0.0,1.046006618962837,387.87392989316226,0.29104942952446944,-1.046509450390166e-21,-0.9907024334611333,-0.06856652201363357,-2.1482751181322748e-21,1.0459843745470916,21.060780328769027,21.70248028471457,187.0
8.0,0.6283185307179586,1.0e-5,1.0e-5,3.141592653589793,0.033631604444211496,2.0413166282001733,-0.4793909397680363,2.987189882139709,8.813504173906942,9.345351692842232,389.9886578657274,-0.058152579436310414,-7.860822740253528e-21,0.0024371994685883636,0.9753970635604392,9.218510547861412e-21,1.0,386.4505481000435,1.8174514200875882,-1.71378798118055e-20,-0.004641418629613965,-0.005842817298132817,2.084708262836954e-22,1.015965661473061,388.8566705045378,-0.02629987005449956,0.0,3.506420675356412,6.745231673504344,0.0,1.0373957052745981,388.11538888315874,0.6912029824910789,-3.3635532333426834e-21,-0.8628943547483325,0.5359672571682818,-5.616433865318831e-21,1.037382837722032,17.551456111348998,18.158855866749175,284.0
9.0,0.6283185307179586,1.0e-5,1.0e-5,5.026548245743669,0.1429651488005739,1.6817802322461708,-2.772285140848295,2.650520018539747,8.991873019937074,7.208657983001309,388.4051798952954,-1.092311508242161,-7.860822740253528e-21,0.9269045972198384,-0.3037321833397084,9.218510547861412e-21,1.0,391.3302563175595,0.8544511449133315,-1.7990323716242694e-20,-0.05136388830593804,0.15169213066604434,5.72860954936201e-23,1.0164028528396563,388.692700943915,-0.06277337394456436,0.0,1.2882481850908563,-3.3282329517429634,0.0,1.032390158152201,389.78360772124984,-0.23889566377012783,-2.3001194809272334e-21,0.9589226849720202,0.23958539113782484,-5.790884973736088e-21,1.0323668609967742,15.504997550652902,16.200531002938384,253.0
10.0,0.6283185307179586,1.0e-5,1.0e-5,5.654866776461628,0.09748220622751821,1.6519857510284597,-2.9466871085896904,2.9666355419899304,9.611559242906718,11.200001835509653,387.8425954531008,-0.6391453677711986,-7.860822740253528e-21,0.5713522733014409,-0.7905453505883474,9.218510547861412e-21,1.0,391.7872523810858,0.060737475789850795,-7.264299114131529e-21,-0.0006086324772549927,0.04830469193361574,6.672812102877683e-22,1.0179217360937074,388.73745185282434,-0.01619236202341957,0.0,0.8472642418130771,-4.291865063104118,0.0,1.0438028560808945,389.76670156064796,-0.2918660108112025,-1.0359680318348625e-21,0.9882205330924838,0.07230533606441052,-2.114473207592267e-21,1.0437805273874121,20.16163703365204,20.81156107841637,186.0
11.0,1.2566370614359172,1.0e-5,1.0e-5,0.0,0.19489792343138576,1.7260437728483786,2.5742395682764014,1.9986833913169706,6.623782583447125,4.1755752002283435,387.67670263892023,-0.0823430060450246,-1.8722131637997975e-22,0.018599163166820417,-1.0456165123985401,-1.0124718147360542e-21,1.0,390.4587542680579,-1.1459833897942049,-3.698547170707634e-22,0.17999767292471233,0.25703081162723806,-3.030902770782577e-22,1.0105985395866324,388.6466254995934,0.11126243215576392,0.0,-1.621902073363729,-2.5451961873515336,0.0,1.0189695979740387,389.11758361575573,-0.9455075303042546,3.783481601177019e-22,0.7374029610796706,-0.5951251185021416,-7.653902886612602e-24,1.0189444257343816,10.028804384016942,10.799357783675468,182.0
12.0,1.2566370614359172,1.0e-5,1.0e-5,2.5132741228718345,0.221407990383478,1.591818174600116,0.04113969382076365,2.0849626380616653,6.893484025334951,4.8777844827017915,389.6987877458145,0.739358284734194,-1.8722131637997975e-22,-0.6296450046244624,0.8349892143150435,-1.0124718147360542e-21,1.0,386.7552274872508,-0.28047645039799773,-7.464472029970022e-22,0.04190644462490623,-0.31775409658955095,-2.8237142983060803e-22,1.0112595918873521,389.05059033560855,7.706834514302485e-5,0.0,-0.1151126388553636,2.7965130293917717,0.0,1.0212364679847432,388.04999901139337,0.6143613007471388,3.221204308964426e-22,-0.9410510897921113,0.030702386307871376,-9.494053699240799e-23,1.0212364679847432,10.96393023222052,11.771268508036743,175.0
13.0,1.2566370614359172,1.0e-5,1.0e-5,3.141592653589793,0.19631203412740902,1.7207870669272276,-0.5749449745105589,1.991275213583537,6.613740142701724,4.1528716733670645,389.96577467960867,0.08234300604502474,-1.8722131637997975e-22,-0.018599163166820545,1.0456165123985401,-1.0124718147360542e-21,1.0,387.19880555535434,1.154507600481158,-3.487895961973537e-22,-0.1834467139592545,-0.2575708277493813,-3.0545963766942636e-22,1.0105739250231505,388.99643159921567,-0.11296269709100774,0.0,1.6343998117948448,2.5223489708791567,0.0,1.0188738542518616,388.5384688984747,0.9454542984165417,3.873259349662034e-22,-0.7345282299767777,0.6044053078891343,3.1820682200748995e-24,1.0188738542518616,10.000012069569358,10.766611816068789,182.0
14.0,1.2566370614359172,1.0e-5,1.0e-5,5.654866776461628,0.2202696535188879,1.5875222883784759,-3.0926293117648744,2.091044997087043,6.866247977927066,4.919355581593838,387.9436895727144,-0.7393582847341941,-1.8722131637997975e-22,0.6296450046244624,-0.8349892143150432,-1.0124718147360542e-21,1.0,390.8890614541655,0.31077012200379284,-7.757287159813376e-22,-0.04873894763511119,0.3162296709180981,-2.7800164350909443e-22,1.0111928349242718,388.5932224295858,-0.0016447672220746973,0.0,0.13736188335695432,-2.803160279270655,0.0,1.0212791590757015,389.59700475922085,-0.6056531967780442,3.13248356357767e-22,0.9436214464863301,-0.02256221819425388,-1.0436482922966369e-22,1.0212791590757015,10.981347682767407,11.785603559520904,175.0
15.0,1.8849555921538759,1.0e-5,1.0e-5,0.0,0.15477927407232092,2.038537420158502,2.1802279414394556,2.4229995833856686,8.075218981417311,5.141664632734029,387.6959743395634,0.057597796310643316,2.1199661544241714e-20,-0.03485341014052241,-1.1541609648515654,6.532977859534558e-20,1.0,389.6658509389872,-2.271025556445514,8.8108917013895e-21,0.15346929059180583,0.05825307027770641,1.3717007267122594e-20,1.0141560859496466,388.74410543150924,0.1309453074296366,0.0,-2.824310591287541,-1.9715754294609231,0.0,1.0250984374385934,388.7640421831537,-0.9869922155723693,-1.6092053107145836e-20,0.3793136607556278,-0.9574466149660327,-6.825201274927192e-21,1.02507483227183,12.529936983047538,13.21688361415134,275.0
16.0,1.8849555921538759,1.0e-5,1.0e-5,1.8849555921538759,0.331425944943074,1.4748150175821502,0.169219245737378,1.8493785804510263,6.942785667428907,4.396744255503948,389.22374321672135,1.0523912659075947,2.1199661544241714e-20,-1.0869020104302414,0.38980291521257143,6.532977859534558e-20,1.0,387.04412802331353,-0.5119364427555178,6.841920314088431e-20,0.11672420252814644,-0.4024384769819957,2.0773509406421013e-20,1.0113804327874512,389.15986243884237,0.05811209465845772,0.0,-0.371555028353143,2.1747037471708963,0.0,1.0199338025572535,388.0911982272485,0.6609210887906143,-2.3896146504586262e-20,-0.9341548443533991,-0.07647757871458966,1.8560933930256544e-20,1.0199338025572535,10.432458306010208,11.339529922932854,153.0
17.0,1.8849555921538759,1.0e-5,1.0e-5,2.5132741228718345,0.247150755330916,1.5932904955799074,-0.2721872949338614,1.8944683486952785,6.994731375104363,4.134868668799889,389.76545175230234,0.6148161759973513,2.1199661544241714e-20,-0.650201792795799,0.9542221552818028,6.532977859534558e-20,1.0,386.985131022766,0.46660376273688975,7.572231249608406e-20,-0.0916552699583614,-0.360047315516446,1.6559985572319735e-20,1.0115077544216737,389.0710812519626,-0.06937924813322964,0.0,0.707225529464788,2.5338195995525954,0.0,1.0196351496284601,388.3274685195198,0.8572548141505565,-9.137460444321127e-21,-0.8734664021449894,0.32893145615629626,2.7940856668797983e-20,1.0196100405745325,10.300367289198144,11.129600043904253,137.0
18.0,1.8849555921538759,1.0e-5,1.0e-5,3.141592653589793,0.15474732764131605,2.03625327559122,-0.9674830749839917,2.426569720686553,8.090496937936914,5.143135339476128,389.9465029789655,-0.05759779631064318,2.1199661544241714e-20,0.03485341014052227,1.1541609648515654,6.532977859534558e-20,1.0,387.98964025051026,2.2796238057868923,6.743506934707791e-21,-0.15287622220014677,-0.05581825418013348,1.3599170525165564e-20,1.0141935330075909,388.8975145206936,-0.1312805831515736,0.0,2.8365216336250336,1.9543970843703242,0.0,1.0251398650383219,388.8842153523436,0.9864619675814477,-1.6530279467465695e-20,-0.37410547363806473,0.9595372620526657,-7.59023607065834e-21,1.0251162749443352,12.546845102552583,13.233632277413042,275.0
19.0,1.8849555921538759,1.0e-5,1.0e-5,5.026548245743669,0.33619233542977567,1.4646513843681468,-2.9597255970971252,1.840246328459362,6.888906378232607,4.385487386530754,388.41873410180756,-1.052391265907595,2.1199661544241714e-20,1.0869020104302416,-0.3898029152125712,6.532977859534558e-20,1.0,390.5809617631097,0.5384061173513585,6.978579391697256e-20,-0.12539164045116175,0.40459226068722515,2.036820382258587e-20,1.0112483718404854,388.4788190892518,-0.06381598931180052,0.0,0.39541476899092176,-2.1501727853924937,0.0,1.019771619644255,389.56151402150704,-0.6559171983771368,-2.3130138593690834e-20,0.9285075269264529,0.09308438323761166,1.9857993365839598e-20,1.0197461820537919,10.35591138179592,11.274393764763362,152.0
20.0,1.8849555921538759,1.0e-5,1.0e-5,5.654866776461628,0.2531444282407769,1.5822194707064157,2.877509526566899,1.8844515036154004,6.964862573420809,4.112240465409065,387.87702556622656,-0.6148161759973514,2.1199661544241714e-20,0.6502017927957991,-0.9542221552818027,6.532977859534558e-20,1.0,390.6516664815124,-0.44798600091855917,7.622926560227852e-20,0.09077984520569589,0.3651676197420544,1.6319001169850523e-20,1.0114345444198563,388.56495091472436,0.06843645732981803,0.0,-0.6770634646472273,-2.5039477500008,0.0,1.0194816286549537,389.30846271941783,-0.8562734327350414,-8.80280284083696e-21,0.8788955380406511,-0.325561108620838,2.863087984050806e-20,1.0194816286549537,10.247976764826742,11.077103038829874,136.0
21.0,2.5132741228718345,1.0e-5,1.0e-5,1.8849555921538759,0.3438914688088195,2.009756587495356,0.6028225588060284,2.214801071333816,7.726635979077444,5.328874739815048,389.19209636722303,1.1198060304705892,-4.386815791071946e-21,-0.8982099902766099,0.2916456021426397,3.687645365583703e-22,1.0,386.6957285453942,-0.6225355744186543,-8.42782012482228e-21,0.0797045379257988,-0.2724495720386599,-1.0247444390773257e-21,1.0133016908148724,389.10660994168404,0.18300738821477028,0.0,-1.255771290425158,1.824483972889584,0.0,1.0244211977196611,387.9488065709344,0.4617239781956856,3.8352216887574283e-22,-1.0544608465164231,-0.15274430463802469,-2.5434752071621576e-21,1.0244211977196611,12.263261898975403,13.055510718892492,323.0
22.0,2.5132741228718345,1.0e-5,1.0e-5,3.141592653589793,0.024488206041143698,1.896588988099298,-0.4207251878299952,2.9477276600829128,8.71194680047288,9.418504481173631,390.0008388157843,-0.006667545953310136,-4.386815791071946e-21,-0.00019070114624756152,0.9443719116507666,3.687645365583703e-22,1.0,386.28725791813775,1.506001315277273,-1.0972032461888966e-20,-0.0068034355716976285,-0.010908391327013814,-1.1864900230408724e-22,1.01571673905775,388.8494641874955,-0.020638554030031925,0.0,3.645069023151201,8.14644987471166,0.0,1.0373088204725063,388.0468812536708,0.6112782536933795,-2.0357342068029427e-21,-0.9056081583045749,0.45345184087828466,-3.828713195206305e-21,1.0373088204725063,17.521257955137706,18.13045128164651,328.0
23.0,2.5132741228718345,1.0e-5,1.0e-5,5.026548245743669,0.32578424904585596,1.9284786941168828,-2.580120400388444,2.223384189399302,7.710489752830572,5.37429540326136,388.4503809513059,-1.1198060304705895,-4.386815791071946e-21,0.8982099902766101,-0.2916456021426395,3.687645365583703e-22,1.0,390.9453784947192,0.6568616392400257,-8.542770140011237e-21,-0.08461121963427105,0.26909418883028857,-9.729451841324008e-22,1.013262115568436,388.54370165377037,-0.16143726654727814,0.0,1.2127336488975633,-1.9280271324324982,0.0,1.0244870855187496,389.69852570072567,-0.45100005098319174,3.180910348180673e-22,1.0343224260429236,0.16468920375249113,-2.67774441673332e-21,1.0244870855187496,12.290143334837529,13.084785156091932,296.0
24.0,2.5132741228718345,1.0e-5,1.0e-5,5.654866776461628,0.16447078162520265,2.1385588601991925,-2.683654032961604,3.0828230196668125,9.815231203672015,15.864737382426016,387.86300300089226,-0.6879574176172272,-4.386815791071946e-21,0.5552421628157322,-0.7639008342144671,3.687645365583703e-22,1.0,391.8823940361143,0.36486371342027785,-8.881765746992946e-21,-0.004555310422891509,0.039942366199967015,-1.5757193759868052e-22,1.0184209467020207,388.6686360091116,-0.061673941794540915,0.0,1.476547449908113,-2.9957301322223744,0.0,1.0556361968393242,389.7834584977965,-0.23908307719365265,-9.449181898767335e-22,1.0335522672204522,0.1867964370649254,-2.6883692036777256e-21,1.0556168242128878,24.990704673316316,25.67996858609803,196.0
25.0,3.141592653589793,1.0e-5,1.0e-5,0.0,0.3150709954775562,1.3971388968157858,2.271115001314374,1.7224106341666636,6.29828348422973,3.648148573444484,387.69393955174985,-0.06686817705720825,8.933894162406875e-23,0.0351948540685061,-1.1342396667384067,-3.9492752467632015e-22,1.0,389.9301169701902,-1.317986071340972,3.2504718738076377e-22,0.339195065273247,0.2839485373520645,-9.960608574809431e-23,1.009800724303164,388.60633607663834,0.2382355483645576,0.0,-1.729627872335608,-1.4577879410563006,0.0,1.016587852033673,388.64851583449746,-0.9734023364739183,2.3470623229952053e-22,0.5488497843826458,-0.7560594858750684,2.21866289975324e-22,1.0165610331930361,9.056408713964814,9.946432057674214,196.0
26.0,3.141592653589793,1.0e-5,1.0e-5,2.5132741228718345,0.3326679154697944,1.4119119678292529,-0.0030520604264372615,1.7779940145453854,6.124708938594389,4.170353629695982,389.6939386666656,0.7167072819417166,8.933894162406875e-23,-0.6951625837299329,0.8969321499074943,-3.9492752467632015e-22,1.0,387.0567661752968,-0.21885970181875167,2.9247052260585054e-23,0.054328703386825467,-0.4462736079257978,-1.4650931147706075e-22,1.009375284015845,389.16440026014527,0.005107323577914796,0.0,0.006691226726935229,2.1923569705951995,0.0,1.0173618709223873,388.2099999994607,0.7721972930388236,2.2248597383125673e-22,-0.9300865487802628,0.0629963319000479,1.1072354454600673e-22,1.0173618709223873,9.38314094299688,10.295062568290371,166.0
27.0,3.141592653589793,1.0e-5,1.0e-5,3.141592653589793,0.31577659995318336,1.3959182569476045,-0.8795832972239079,1.7207511654639227,6.284188603775402,3.66275743476505,389.94853776677905,0.06686817705720839,8.933894162406875e-23,-0.03519485406850624,1.1342396667384067,-3.9492752467632015e-22,1.0,387.7201692505418,1.3223580190782676,3.2918249162736144e-22,-0.34019484458365085,-0.2857281692940022,-9.928468129474006e-23,1.0097661770046673,389.0343902450798,-0.24062373210235427,0.0,1.7403829435750682,1.43995363785554,0.0,1.0165757128952932,389.00709879583115,0.9669967525513423,2.3222571336900196e-22,-0.5411315012698751,0.7664344767516448,2.2589329086796197e-22,1.0165757128952932,9.062397861470856,9.946946038540451,197.0
28.0,3.141592653589793,1.0e-5,1.0e-5,5.654866776461628,0.33385603026460875,1.4140547903810925,-3.130788428003138,1.781210412185888,6.11257671825901,4.1811987962409365,387.9485386518633,-0.7167072819417166,8.933894162406875e-23,0.695162583729933,-0.8969321499074941,-3.9492752467632015e-22,1.0,390.58602473777825,0.2413309544242652,1.9953503555959168e-23,-0.05977798330137229,0.44446883196712866,-1.46836004337829e-22,1.0093455473092552,388.4769141778956,-0.009742123464913377,0.0,0.023639562451875373,-2.1879071801387995,0.0,1.0173530177453058,389.44270701303145,-0.7654999087474058,2.22175242032498e-22,0.9303159882903781,-0.05083370996706883,1.062396877965073e-22,1.0173530177453058,9.37952895310673,10.293775514499947,166.0
29.0,3.7699111843077517,1.0e-5,1.0e-5,0.0,0.055526729627206554,1.7364140720666128,2.4207331269071273,2.695402365357867,8.410957308635295,6.324567146844556,387.6817122298601,0.08244612896907785,-4.083338700761837e-21,-0.023513587562769302,-1.0652946297827368,3.8548989739418245e-20,1.0,390.43968499811604,-2.155417676329739,-1.2068662696885633e-20,0.0564685884230317,0.042578849685944366,4.148704122819188e-21,1.0149789980975845,388.78539124582437,0.026008763458402015,0.0,-3.875593599152239,-4.411152690658451,0.0,1.029033361499601,389.260685773788,-0.8880524036207387,-6.318498919470216e-21,0.6754468595825773,-0.766378659635984,-6.5724980484306396e-21,1.0290107520893765,14.135745233662165,14.735524455479851,263.0
30.0,3.7699111843077517,1.0e-5,1.0e-5,1.8849555921538759,0.1952671504927503,1.5972128852873202,0.28014686137042516,2.364855590081826,8.341313238700906,5.859918509177934,389.25178261968915,1.0582767812036464,-4.083338700761837e-21,-1.005889301273486,0.351556895292282,3.8548989739418245e-20,1.0,386.5430194882275,-0.634239206184094,3.63684048344951e-21,0.06284647234718024,-0.22547644585150486,8.084236707800418e-21,1.0148082968537602,388.99947617700485,0.04631254136321194,0.0,-0.8302141012941079,2.8855600109367243,0.0,1.0273509051905105,387.9160311048892,0.39898038517454537,-1.0419894935769529e-20,-0.9576894533900852,-0.1385649370928704,-6.064669786945268e-21,1.0273274856495462,13.448992641516675,14.20123174787884,190.0
31.0,3.7699111843077517,1.0e-5,1.0e-5,2.5132741228718345,0.12581503352433376,1.7064894721230965,-0.09734893381115733,2.337656822325055,8.077470767524844,5.368883600554563,389.7915955249086,0.603096510344942,-4.083338700761837e-21,-0.607141580795659,0.8756623995084857,3.8548989739418245e-20,1.0,386.5229564978792,0.42724527571545606,1.971150412466468e-20,-0.03556589261286504,-0.19774046319833868,8.70607924854982e-21,1.0141616051872755,388.9376017681936,-0.02054751014460897,0.0,0.371699615706256,3.806150540600035,0.0,1.0256397684780993,388.0377740612314,0.6009441264297033,-7.380060694333545e-21,-0.9457345554354551,0.2219738466061999,1.0681536830925115e-21,1.0256397684780993,12.760424206363354,13.446354368079406,147.0
32.0,3.7699111843077517,1.0e-5,1.0e-5,3.141592653589793,0.05509854967470169,1.7370368251618058,-0.724089256691597,2.697082011878363,8.416492550915319,6.3178618215810864,389.9607650886688,-0.08244612896907771,-4.083338700761837e-21,0.023513587562769174,1.0652946297827368,3.8548989739418245e-20,1.0,387.21095157854353,2.1636143132409544,-1.299710337921298e-20,-0.05597316555316089,-0.04096712836407007,4.0749490745887215e-21,1.0149925652616976,388.856635221324,-0.025866004163787627,0.0,3.905393309748326,4.416222680676091,0.0,1.0290323140783244,388.3836101678978,0.8886668198457918,-6.515161401265304e-21,-0.6733460125341435,0.7690370471391899,-6.871448109286714e-21,1.0290097163481497,14.13532266509392,14.734354372496405,262.0
33.0,3.7699111843077517,1.0e-5,1.0e-5,5.026548245743669,0.2037158936423477,1.6093823565939762,-2.8442284300262504,2.351054983616837,8.278569386644355,5.802124700586315,388.39069469883975,-1.0582767812036467,-4.083338700761837e-21,1.005889301273486,-0.3515568952922819,3.8548989739418245e-20,1.0,391.0797205789055,0.6532372881611072,4.7274138387296416e-21,-0.06637583772877612,0.2291117275177808,8.26242018956528e-21,1.0146545084045893,388.6349675317302,-0.05101045167715701,0.0,0.8596786828000105,-2.8052765099825767,0.0,1.0270258853633072,389.7214441803132,-0.40074310968459476,-1.061721522125075e-20,0.9610180505082353,0.14611595685321963,-5.8639268784613596e-21,1.0270258853633072,13.325943326542848,14.08069408723067,189.0
34.0,3.7699111843077517,1.0e-5,1.0e-5,5.654866776461628,0.1344620137693746,1.7236169149882634,3.053982154404424,2.3209048887513117,8.039524941925444,5.291798896717236,387.8508817936203,-0.6030965103449422,-4.083338700761837e-21,0.6071415807956592,-0.8756623995084856,3.8548989739418245e-20,1.0,391.10492181712675,-0.41399364382296544,2.0320057382199228e-20,0.03757665547652627,0.20313389643921104,8.820660772444549e-21,1.0140685979745916,388.6952148006889,0.020977796305436405,0.0,-0.3230347878059041,-3.6777312358025505,0.0,1.025351779767466,389.6011977395402,-0.6110049522157494,-7.588089767888563e-21,0.9444735420853686,-0.2181952823061009,1.3447448130002524e-21,1.0253288643471314,12.633579042347927,13.33132383864268,146.0
35.0,4.39822971502571,1.0e-5,1.0e-5,0.0,0.0558626626516388,1.6476934259178344,2.7851883734356315,2.5842216826879865,7.942244794368651,6.1692172422605775,387.64950553564285,-0.04796208237746021,-1.6288046573971342e-21,0.0007813007847660007,-0.964087532690746,-1.4946139207519829e-21,1.0,391.06578745188153,-1.2807038778874411,-4.207827120805823e-21,0.04920641851492359,0.08518272315675626,-3.183090328644919e-22,1.013830159274759,388.77960995873235,0.013777260892009681,0.0,-2.04065177164565,-5.481155247549971,0.0,1.027475653214858,389.5568022085584,-0.6657961163797866,-8.1026916031146965e-22,0.8865511468339925,-0.4477044862938171,-1.3764815851770482e-21,1.0274532827599943,13.50031635655919,14.111462036629229,208.0
36.0,4.39822971502571,1.0e-5,1.0e-5,1.8849555921538759,0.3524076145623244,1.404742500221414,0.1940504848926057,1.801490994573809,6.527770840329874,4.323099621911081,389.1377094563554,1.1292055211194525,-1.6288046573971342e-21,-0.9171431654646617,0.2971763704639149,-1.4946139207519829e-21,1.0,387.12025233576844,-0.593308798864517,-1.980495658010247e-21,0.14493202990199958,-0.42060722489990554,-9.149847673231818e-22,1.0103632097831035,389.1767620307778,0.07523409441001476,0.0,-0.4082416947000076,2.0773181315535707,0.0,1.0186829222624962,388.09119519891107,0.6612000318489161,1.1758544106022428e-21,-0.9296687048802299,-0.11274927183225848,-3.422479311292404e-22,1.0186829222624962,9.922114097031374,10.850870462240955,221.0
37.0,4.39822971502571,1.0e-5,1.0e-5,2.5132741228718345,0.10320582115195677,1.7783501538825968,0.22449244333838658,2.681347433486534,8.615208387952348,7.387090652188993,389.7409992644557,0.7275295894163517,-1.6288046573971342e-21,-0.5673085192472523,0.7795039609329361,-1.4946139207519829e-21,1.0,386.16071838809336,-0.3335505145439125,-4.19628514323136e-21,0.01751899654247323,-0.1291927196739616,-3.2876475607886856e-22,1.0154796281534235,388.92233873011014,0.035115753152576014,0.0,-0.94690426853506,4.146881529647918,0.0,1.0319920928220923,387.8759891904819,0.29437076838114135,-4.028909827510322e-22,-0.983520063653093,-0.10227867063082464,-1.115015249194644e-21,1.031969486858847,15.342873657557636,16.00229904014134,193.0
38.0,4.39822971502571,1.0e-5,1.0e-5,3.141592653589793,0.05587306270368812,1.6494048629139586,-0.3642075392443772,2.5733442034915175,7.926247764333608,6.101458857755375,389.99297178288606,0.04796208237746036,-1.6288046573971342e-21,-0.0007813007847661188,0.964087532690746,-1.4946139207519829e-21,1.0,386.5953512687286,1.291327113591665,-4.163327206906775e-21,-0.05096742276842908,-0.08577122080410796,-3.274937113041981e-22,1.013790949706787,388.8623132661592,-0.01503616200811728,0.0,2.0831952680457,5.464632454425494,0.0,1.0272655698996718,388.097109066563,0.6672724536603192,-7.807190006362157e-22,-0.8878453991475359,0.45860920502713487,-1.366575393408631e-21,1.0272655698996718,13.423731758115139,14.027706622088983,208.0
39.0,4.39822971502571,1.0e-5,1.0e-5,5.026548245743669,0.3519978432811751,1.41186978930591,-2.9290270581203623,1.8102020907959508,6.511246615572265,4.358547440737766,388.5047678621735,-1.1292055211194525,-1.6288046573971342e-21,0.9171431654646619,-0.29717637046391476,-1.4946139207519829e-21,1.0,390.51937346262645,0.6270325343494942,-2.0704191229546856e-21,-0.15313803275171886,0.414526696989414,-8.940864182301691e-22,1.010322708051719,388.46730733611867,-0.08136657324949077,0.0,0.44716952084081474,-2.0718976445147494,0.0,1.018740092499412,389.5696456570354,-0.6474837884654181,1.1411654249917962e-21,0.9237676483720764,0.1310023272295266,-3.92628764982982e-22,1.018714292198184,9.934912653448734,10.869794056310031,219.0
40.0,4.39822971502571,1.0e-5,1.0e-5,5.654866776461628,0.10517893955590009,1.7786235554319159,-2.907122629652612,2.685209467146241,8.634616958910561,7.354205590323932,387.9014780540732,-0.7275295894163518,-1.6288046573971342e-21,0.5673085192472525,-0.779503960932936,-1.4946139207519829e-21,1.0,391.482800737366,0.35558007095946653,-4.219111402361747e-21,-0.01582729071866153,0.12758138611294662,-3.213809489091518e-22,1.0155271995764903,388.7186051091366,-0.036581998401202284,0.0,0.978410294893026,-4.096107729938125,0.0,1.031955157333095,389.76806882305067,-0.28985857359481887,-4.189160958812687e-22,0.9832748490042238,0.11107938787383255,-1.1350619439976122e-21,1.03193250820419,15.327786807322724,15.988822549234493,193.0
41.0,5.026548245743669,1.0e-5,1.0e-5,0.0,0.28207013495559397,1.6338422067985372,1.930165138813041,1.938075164610433,7.218856401304391,4.03555632235304,387.69852512925866,-0.01487559334279415,7.518110982613345e-23,0.011991818612111875,-1.2008281379441161,-3.8753400898754796e-23,1.0,389.3248265204232,-1.8715059737477002,1.6730210050325994e-22,0.3321362996004324,0.0875854885454555,3.058709784580591e-23,1.012057096568348,388.7153500774148,0.27419475422173034,0.0,-2.2878635049085503,-0.8595100720229989,0.0,1.0199246399345998,388.33992058889237,-0.8644123578543748,-1.8773652595769384e-24,0.199637129881331,-0.9452543307329299,6.844319410628373e-23,1.019899934375628,10.418640491257696,11.254412723657431,247.0
42.0,5.026548245743669,1.0e-5,1.0e-5,2.5132741228718345,0.3514875832361957,1.3209771807942934,-0.18346406351871286,1.6700635878557004,6.129395896265243,3.8859132729255146,389.7207893304678,0.671949063302348,7.518110982613345e-23,-0.7155306550720436,0.9644417567920479,-3.8753400898754796e-23,1.0,387.15262468911254,0.0695687149179634,1.358744880523129e-22,-0.019590762335519627,-0.4940549930803396,-2.8733121101977937e-23,1.009386772010873,389.17540601387867,-0.0555192623156667,0.0,0.3844027550675123,2.071687283165549,0.0,1.016594849306073,388.361232349416,0.8734382576369559,6.086465060103055e-23,-0.8987277248853452,0.1919898969195479,9.094779966373327e-23,1.016594849306073,9.070205283770715,10.015309169190758,156.0
43.0,5.026548245743669,1.0e-5,1.0e-5,3.141592653589793,0.2813269263723169,1.6392861428708834,-1.2187033873932662,1.944009550860848,7.218149639995432,4.06807596442484,389.94395218927025,0.014875593342794287,7.518110982613345e-23,-0.01199181861211202,1.2008281379441161,-3.8753400898754796e-23,1.0,388.3259613512891,1.8798599740520245,1.6621443763276632e-22,-0.3308234815308384,-0.08839694368073155,3.073307957833774e-23,1.012055364243992,388.9246457122352,-0.2744043687019382,0.0,2.2980910593630144,0.8443235421011532,0.0,1.020008576260306,389.30852800657675,0.8597862959013269,-3.3148572549175556e-24,-0.19123447456606257,0.9487614908649376,6.697581762518144e-23,1.0199839702952689,10.452926148420403,11.286225604420272,248.0
44.0,5.026548245743669,1.0e-5,1.0e-5,5.654866776461628,0.35416264254765883,1.3168036868502917,2.970290297116882,1.668417619941049,6.127501610651793,3.8672087744097094,387.9216879880611,-0.6719490633023482,7.518110982613345e-23,0.7155306550720437,-0.9644417567920478,-3.8753400898754796e-23,1.0,390.48872482683447,-0.055742582398079187,1.3430611084885383e-22,0.018316573224032347,0.49417296385395343,-2.9346282037207735e-23,1.009382128997912,388.46384665604086,0.05160576250257648,0.0,-0.3574150980927179,-2.0660088478203997,0.0,1.016553172849958,389.2928152521616,-0.8699116322422986,6.25535903698205e-23,0.8995045269853404,-0.1770413624406346,9.032254652433115e-23,1.0165268095734248,9.042445894224194,9.994710385061502,155.0
45.0,5.654866776461628,1.0e-5,1.0e-5,0.0,0.05246826322779887,2.309774484497169,2.7102020321976084,2.9512337401352595,8.772267163980079,8.769137048868132,387.6587374849069,0.0668369173051079,-8.317184587739008e-21,-0.004941575868001358,-0.9888202863322468,1.2986319089305962e-20,1.0,391.09391581719154,-1.882742447800333,-1.7240964771349094e-20,0.008377952284039881,0.009989793156431713,4.878153513995468e-22,1.0158645874056158,388.76304087941827,0.027990337094245737,0.0,-2.537175331110861,-5.511941324968946,0.0,1.0358691719992574,389.4904521131336,-0.7205473189230667,-3.6292659936023635e-21,0.8594210510757553,-0.549405621171324,-5.5440244231603956e-21,1.0358691719992574,16.933898588950598,17.54140421284821,253.0
46.0,5.654866776461628,1.0e-5,1.0e-5,1.8849555921538759,0.13997674230591253,1.739604859231862,0.3724881116514712,2.6811639655954984,9.123884736829385,7.4334977925927,389.2440369638539,1.0849505737746117,-8.317184587739008e-21,-0.9388969458389173,0.3102619907893953,1.2986319089305962e-20,1.0,386.2758287194763,-0.8423351167055938,-1.841169025148162e-20,0.048258832613247656,-0.14487185231997457,5.6247825558966185e-22,1.016726420439801,388.9507070632992,0.06305880863485377,0.0,-1.3153757405623632,3.3664712050422234,0.0,1.0332747643690174,387.8602363541372,0.23418410468897638,-2.6816007560059285e-21,-0.9622259094645766,-0.23849564235227505,-6.204582719459063e-21,1.03325150395156,15.865921306421312,16.557382529422085,252.0
47.0,5.654866776461628,1.0e-5,1.0e-5,2.5132741228718345,0.12319130202139929,2.045824504695497,0.27094874943761055,2.8844034558417744,9.441269214951731,9.637347957821863,389.8010076196012,0.6292288441085877,-8.317184587739008e-21,-0.5772161626175092,0.8028770014437848,1.2986319089305962e-20,1.0,385.9374163609052,0.05789859720263354,-5.224880421695893e-21,-0.0014023593813955605,-0.059843281683308484,1.2406972780239593e-21,1.0175043463602158,388.94300691855653,0.021215607230450344,0.0,-1.0409585536602741,3.747423196072006,0.0,1.039507465687925,387.88687062515135,0.3086489624151894,-8.969033612728784e-22,-1.0277131244361684,-0.05792343242141139,-2.0675230622036033e-21,1.039507465687925,18.418278925490686,19.078617172773594,181.0
48.0,5.654866776461628,1.0e-5,1.0e-5,3.141592653589793,0.05153961051420386,2.3184878432764244,-0.4336545358258399,2.9498604365987426,8.76631218982079,8.740023950397712,389.983739833622,-0.06683691730510777,-8.317184587739008e-21,0.004941575868001237,0.9888202863322468,1.2986319089305962e-20,1.0,386.55731086037395,1.8911127721057013,-1.7607913437024195e-20,-0.008037912581867574,-0.009238015503433625,4.614384754126107e-22,1.0158499914625674,388.87873471913144,-0.027362993821682856,0.0,2.573126248993591,5.556887893405966,0.0,1.0357752463448355,388.14807832142475,0.7228527779237672,-3.7241263893822806e-21,-0.8550801076862298,0.5492340036453821,-5.643772273770604e-21,1.0357752463448355,16.895578040677684,17.5063361402185,255.0
49.0,5.654866776461628,1.0e-5,1.0e-5,5.026548245743669,0.1421492054397934,1.7238165880778225,-2.7604146277213966,2.675038500804594,9.087484581239995,7.354641128559688,388.398440354675,-1.084950573774612,-8.317184587739008e-21,0.9388969458389175,-0.31026199078939515,1.2986319089305962e-20,1.0,391.35245950314925,0.8653045823697171,-1.8051027318950075e-20,-0.049230764636631626,0.1458633515872115,6.486371001539176e-22,1.0166372017450103,388.69148575580635,-0.0648324157745684,0.0,1.3330344168607065,-3.326105773339784,0.0,1.0329760799377328,389.77953516243906,-0.23087298269041398,-2.7634286334435256e-21,0.9643022531738996,0.2464613442399755,-6.242931790362133e-21,1.0329760799377328,15.75355160613997,16.442125709799683,247.0
