12.64748816,1.014141544,388.8130842,0.026312133,1.54E-05,-8.40968091,-6.172995129,0.092813128,1.014141544,0,2.132583133,0.500004834,0,0,0.500004834,0,0,0.500004834,0,0,0.500004834,0,0,0.500004834,0,0,0.505135573,0.023833918,0.017393227,0.507646101,0.025450885,0.00032975,0.510119461,0.04002917,0.003059418,0.512618082,0.053099218,0.007587429,0.515306804,0.066160198,0.010980041,390.8271804,-0.001952774,0.003026225,0.142171822,0.260106743,-0.000199125,1.008629822,2.211644217,4.171265164,0.530487355,0.106108516,0.028572927,0.527772345,0.101609383,0.026777805,0.524930922,0.095367677,0.024404595,0.521993135,0.087784824,0.021552535,0.518988312,0.07859571,0.018290555,0.591695764,0.1827486,0.059714137,0.598987947,0.18187163,0.05786019,0.604746754,0.170624991,0.048562072,0.608728044,0.151045567,0.033199664,0.610635651,0.124675532,0.018908797,-0.505460953,0.122651066,1,4.131995645,0.546446614,-0.033224397,-0.002745731,0.548321396,0.003458685,0.003524206,0.549404097,0.027862429,0.010346055,0.550035025,0.045291305,0.015733367,0.550343771,0.059452028,0.019887775
12.63050951,1.014019873,388.813725,0.02655627,7.55E-06,-8.581930462,-5.933576211,0.0479873,1.014019873,0,2.136752522,0.500003524,0,0,0.500003524,0,0,0.500003524,0,0,0.500003524,0,0,0.500003524,0,0,0.5169424,0.022433183,0.026174753,0.507885421,0.023423237,0.00068716,0.509760439,0.037510902,0.001480854,0.511730364,0.052324836,0.003685034,0.51385846,0.06634737,0.005469251,390.7946866,-0.002200462,0.002580557,0.150459806,0.2496785,-8.46E-05,1.008528006,2.194840216,4.15388214,0.5270001,0.108913691,0.020195228,0.524896986,0.104171695,0.017994167,0.522451337,0.097735349,0.015784322,0.520024577,0.089669235,0.01332101,0.517487138,0.079867769,0.010889696,0.586066419,0.185930819,0.04819433,0.591704226,0.182918115,0.049714716,0.596674925,0.170551811,0.046174857,0.599483161,0.148761056,0.036367249,0.601042535,0.120329152,0.024727004,-0.470437956,0.117444464,1,4.145034629,0.544043411,-0.036888458,-0.00650457,0.545570141,-0.000561906,0.000830051,0.546926771,0.024477163,0.008662061,0.546814771,0.042546997,0.014807001,0.547291392,0.057066418,0.0191624
12.64553642,1.014002657,388.8136434,0.026503348,1.17E-05,-8.549899795,-5.978414501,0.070397481,1.014002657,0,2.061571931,0.49998418,0,0,0.49998418,0,0,0.49998418,0,0,0.49998418,0,0,0.49998418,0,0,0.508446536,0.018804257,0.018535181,0.503940094,0.024164781,0.001144169,0.507122057,0.038045722,0.001747495,0.509102169,0.05269825,0.004480549,0.511636331,0.066653539,0.006639227,390.7947524,-0.002162642,0.002648073,0.156464847,0.247790254,-8.55E-05,1.008619784,2.209979641,4.187813163,0.525294784,0.109065903,0.022000217,0.52258574,0.104236047,0.019975646,0.519840527,0.097766684,0.017623497,0.517039762,0.089734915,0.015127459,0.514283851,0.080002216,0.012484317,0.580652968,0.185861964,0.050122111,0.588093901,0.183295809,0.051680203,0.594307593,0.170970382,0.046817503,0.599442657,0.149493681,0.03561717,0.603250019,0.120697921,0.023279446,-0.484691248,0.11814102,1,4.186171689,0.54502629,-0.036834155,-0.005653794,0.547029741,-0.000106116,0.001431508,0.547967723,0.024928053,0.008729415,0.548723544,0.043041681,0.01473453,0.54856593,0.05759531,0.019195827
15.47502323,1.021108468,388.8402163,0.026609037,0.002914962,-5.112427663,3.84438158,1.310414943,1.021108468,0,2.012093539,0.512408828,0,0,0.512408828,0,0,0.512408828,0,0,0.512408828,0,0,0.512408828,0,0,0.613021338,0.094849397,0.10958124,0.559746783,0.057348137,0.118563115,0.535382988,0.05810942,0.18346734,0.504446414,0.053739447,0.197290509,0.480138077,0.040782849,0.201071885,389.2288328,-0.000496542,0.041753528,-1.558508125,-0.713215984,-0.045159435,1.014315511,2.358585323,4.757175372,0.558683284,0.834585162,-0.008457011,0.550015166,0.519350058,-0.048762678,0.579332824,0.372292528,-0.104784774,0.600072564,0.256620076,-0.167497219,0.594701698,0.171260298,-0.2115183,0.706150022,-2.09103806,-0.018628006,0.35543052,-1.453659444,0.872888876,0.792578133,-0.33399317,1.12075945,0.879286249,0.482339127,0.969999564,0.268800135,0.200266788,0.454589677,7.162468907,-2.453047485,1,6.347168998,0.459965131,1.066016838,0.226925441,0.874059791,0.272668144,-0.100554254,0.535422047,0.400599167,-0.39752885,0.213835183,0.477819472,0.41245242,0.560904147,0.362580756,0.750609108
14.80023129,1.021840656,388.8232225,-0.01588014,-2.71E-05,6.89070311,7.8439587,0.80690331,1.021840656,0,2.471495982,0.50001613,0,0,0.50001613,0,0,0.50001613,0,0,0.50001613,0,0,0.50001613,0,0,0.583653655,-0.039533482,0.015210244,0.651283241,0.009490399,0.0020394,0.685458555,0.055513385,0.004769109,0.707806903,0.055058735,-0.003019827,0.723067424,0.090370396,0.012116292,387.2046632,0.004900723,0.005711616,-0.049636671,-0.130194752,-0.001556962,1.01280056,2.683614612,4.824551375,0.76285358,0.089208313,0.060821531,0.762194755,0.088687262,0.059763448,0.759461877,0.089047347,0.058395205,0.754404883,0.093468851,0.058347183,0.746510014,0.089767691,0.045095847,0.846707836,-0.1675801,-0.046584601,0.838639609,0.023020103,0.028135686,0.82158157,0.078483919,0.07388243,0.787602477,-0.110402373,0.032794509,0.718022225,-0.341802905,-0.000574868,1.671594963,-0.64622231,1,4.820569319,0.546822941,0.33104915,-0.000298276,0.517589783,0.173160652,0.050043924,0.510987874,-0.192610586,0.093140065,0.533447126,-0.427302101,0.066148259,0.570238495,-0.425892518,0.034272771
14.75023129,1.021947419,388.8234173,-0.016405999,-2.83E-05,6.894497426,7.841834866,0.801514338,1.021947419,0,2.4592614,0.500013638,0,0,0.500013638,0,0,0.500013638,0,0,0.500013638,0,0,0.500013638,0,0,0.586993178,-0.039442517,0.014790297,0.65603941,0.010006697,0.002381859,0.691238688,0.054510065,0.00504713,0.7142566,0.055876794,-0.002215358,0.730004998,0.088691156,0.011918661,387.2088229,0.004897809,0.005627265,-0.0505592,-0.12929963,-0.001830085,1.012864608,2.671404558,4.812220856,0.771037138,0.090363809,0.056274058,0.770381779,0.090533803,0.055262843,0.767575575,0.090749978,0.054069392,0.762362501,0.093841174,0.054194018,0.754231667,0.089494429,0.042212872,0.855996992,-0.093515756,-0.037598759,0.849476462,0.02952221,0.024988439,0.831444545,0.054458716,0.068179003,0.796242615,-0.117363717,0.031017663,0.723866974,-0.34551144,-0.000751461,1.671976013,-0.6440412,1,4.807344474,0.54725365,0.333641361,-0.00037316,0.517339826,0.174296247,0.049615555,0.510322982,-0.192994088,0.09259129,0.533339111,-0.429476549,0.065778981,0.571443681,-0.428996821,0.034024251
14.70023129,1.022051761,388.823619,-0.016887914,2.03E-06,6.908185064,7.85218682,0.552230682,1.022051761,0,2.44741953,0.500000069,0,0,0.500000069,0,0,0.500000069,0,0,0.500000069,0,0,0.500000069,0,0,0.593821992,0.02119875,0.03119113,0.667899561,0.015570805,0.017501995,0.703085437,0.043380613,0.017704564,0.725585944,0.060472494,0.016820215,0.740759619,0.074306146,0.016650575,387.2095642,0.004901828,0.002529044,-0.052772612,-0.127182912,-0.002108209,1.012887732,2.65939899,4.800350389,0.779763922,0.091913506,0.016349409,0.779267817,0.096130654,0.017146624,0.776704799,0.09520218,0.01750933,0.771842543,0.091750294,0.017839586,0.764198296,0.084268557,0.017454276,0.860854396,0.081579538,0.017186832,0.852990756,0.04354079,0.015994549,0.835970302,-0.020891842,0.014681218,0.80168569,-0.143119765,0.010869911,0.729687027,-0.36757708,-0.00363201,1.675530248,-0.635249163,1,4.793062378,0.551834534,0.436650125,-0.000442474,0.519595584,0.237897823,0.035919625,0.509393496,-0.168275957,0.070227828,0.532641959,-0.480599905,0.045698916,0.57330132,-0.504843929,0.014587439
14.65023129,1.022207785,388.8238667,-0.017389674,1.92E-06,6.907593733,7.85350906,0.549709077,1.022207785,0,2.435230479,0.500000061,0,0,0.500000061,0,0,0.500000061,0,0,0.500000061,0,0,0.500000061,0,0,0.597539421,0.019875889,0.030343923,0.673710635,0.015607134,0.017408886,0.710223761,0.043437241,0.01761984,0.733617087,0.060663384,0.016777334,0.749407723,0.074483943,0.016621523,387.2137476,0.004886213,0.002529564,-0.053411229,-0.127831959,-0.002102349,1.012982678,2.647036696,4.788555631,0.790061191,0.092300736,0.016274488,0.789539897,0.096504199,0.017054234,0.7868607,0.095653281,0.017421804,0.781783054,0.092114704,0.017746032,0.773806472,0.08457262,0.017394973,0.874223149,0.081878437,0.016938358,0.865912389,0.043772509,0.015774173,0.848087146,-0.021666302,0.014482516,0.812201064,-0.14435266,0.010761852,0.737051656,-0.368855342,-0.003607106,1.675662082,-0.634099806,1,4.779408481,0.553029,0.437738804,-0.00043616,0.519718011,0.238590717,0.035900356,0.509150376,-0.168548847,0.070212485,0.533201614,-0.481759202,0.045679245,0.575285748,-0.505971978,0.014557415
14.60023129,1.022366953,388.8241381,-0.017878335,1.82E-06,6.906449036,7.855380799,0.546293567,1.022366953,0,2.422856482,0.500000055,0,0,0.500000055,0,0,0.500000055,0,0,0.500000055,0,0,0.500000055,0,0,0.601849848,0.018179233,0.029398451,0.680452021,0.015637465,0.017291494,0.718364539,0.043519558,0.01751657,0.742625207,0.060866551,0.016722991,0.75897346,0.074657611,0.01657489,387.2176065,0.004869395,0.002522505,-0.054150648,-0.128592913,-0.002092064,1.013072428,2.634745063,4.77709744,0.80094571,0.092629846,0.01617163,0.800415224,0.096845315,0.016937766,0.797658769,0.096073122,0.017308389,0.792424713,0.092465639,0.017630044,0.784192476,0.084872835,0.017312101,0.886305848,0.081963886,0.016669011,0.87785627,0.043729301,0.015520422,0.859711462,-0.022800919,0.014268075,0.822841026,-0.146142615,0.010622823,0.74489477,-0.370840259,-0.003588392,1.675814118,-0.632968896,1,4.765532302,0.554578185,0.439218117,-0.000434803,0.519826602,0.23953371,0.035887727,0.508717025,-0.168840186,0.070211106,0.533648546,-0.483206352,0.045667312,0.577354266,-0.507492869,0.014529631
14.55023129,1.022529364,388.824433,-0.018352433,1.85E-06,6.904457764,7.858010991,0.542712507,1.022529364,0,2.410441814,0.500000048,0,0,0.500000048,0,0,0.500000048,0,0,0.500000048,0,0,0.500000048,0,0,0.606536901,0.016866473,0.02917017,0.688165446,0.015705274,0.017139549,0.727510588,0.043644673,0.017393993,0.752585059,0.061083845,0.01665312,0.769409905,0.074837413,0.016519529,387.2211125,0.004851318,0.002511629,-0.054969848,-0.129480071,-0.002079626,1.013157713,2.622564048,4.765931972,0.812328907,0.092892921,0.016070834,0.811809043,0.097135793,0.016808235,0.809013582,0.09646252,0.017180138,0.803687665,0.092802997,0.017506802,0.795283975,0.085166007,0.017218424,0.897281764,0.081820145,0.016399032,0.888922868,0.04339569,0.015257265,0.870869389,-0.024297677,0.014056573,0.833566934,-0.148487719,0.010473011,0.75324344,-0.373548024,-0.003576406,1.675984464,-0.631865834,1,4.751293454,0.556532218,0.441144432,-0.000428754,0.51997576,0.240781023,0.03587801,0.508137156,-0.169119629,0.070233409,0.53401389,-0.484940016,0.0456693,0.57954443,-0.50942072,0.014509963
14.50023129,1.022694759,388.8247506,-0.018811179,1.60E-06,6.90176674,7.861253553,0.539110052,1.022694759,0,2.397996403,0.500000043,0,0,0.500000043,0,0,0.500000043,0,0,0.500000043,0,0,0.500000043,0,0,0.611889725,0.014462793,0.028079552,0.696585557,0.015776364,0.016989977,0.737379788,0.043795163,0.017264392,0.763227748,0.061332789,0.016583319,0.780466184,0.075046576,0.016466759,387.2243817,0.004832392,0.002506036,-0.055837966,-0.130451023,-0.002070237,1.013240468,2.610462604,4.754975012,0.824068664,0.093108485,0.015983639,0.823562732,0.097380287,0.016698156,0.820758246,0.096817144,0.017062249,0.815382397,0.093120464,0.017381864,0.806867496,0.08545527,0.017126966,0.907581427,0.081490447,0.016170716,0.899461949,0.042840055,0.015047287,0.881756583,-0.026067302,0.013872576,0.844419336,-0.151278429,0.010354473,0.762005502,-0.376986927,-0.003554944,1.676176793,-0.630739845,1,4.736797269,0.558807903,0.443553665,-0.000415081,0.520117384,0.242348083,0.035902416,0.507392175,-0.169397756,0.070309242,0.534290329,-0.486992752,0.045698303,0.581825003,-0.511792655,0.014502531
14.45023129,1.022863597,388.8250904,-0.019253506,1.47E-06,6.89825362,7.865267755,0.534817383,1.022863597,0,2.385757807,0.500000038,0,0,0.500000038,0,0,0.500000038,0,0,0.500000038,0,0,0.500000038,0,0,0.617947111,0.012798987,0.027893305,0.705638237,0.015830974,0.016792117,0.7479126,0.044006575,0.01711471,0.774484229,0.061644172,0.016490148,0.792079925,0.075320238,0.01637917,387.2274205,0.004812699,0.002498892,-0.056739719,-0.13151745,-0.002058423,1.013321465,2.598404246,4.744145896,0.836122158,0.093250854,0.015855783,0.835636168,0.097578431,0.01654532,0.832844926,0.097130659,0.016905168,0.827457991,0.093420912,0.01721707,0.818887628,0.085738419,0.016994374,0.917326479,0.08111299,0.0158803,0.909563749,0.042109181,0.014881954,0.892430088,-0.027915751,0.013668904,0.855417333,-0.154371159,0.010231894,0.771233267,-0.380976461,-0.003521259,1.676377116,-0.629624366,1,4.721923338,0.561377498,0.446439119,-0.000388234,0.520297564,0.244199368,0.035938477,0.506573662,-0.16966169,0.070391044,0.53455703,-0.489306624,0.045740655,0.584246907,-0.514562656,0.014497104
14.40023129,1.02303744,388.8254517,-0.019677863,1.02E-06,6.893781175,7.870204883,0.529190153,1.02303744,0,2.373060911,0.500000033,0,0,0.500000033,0,0,0.500000033,0,0,0.500000033,0,0,0.500000033,0,0,0.624472935,0.01101184,0.026213801,0.716246383,0.015997645,0.0166067,0.759882435,0.044331129,0.016955683,0.786980019,0.062016773,0.016383553,0.804739959,0.075634887,0.016293434,387.230052,0.004791589,0.002485638,-0.057719454,-0.132705374,-0.002041974,1.013398856,2.586764215,4.733943023,0.848572714,0.093330322,0.015729956,0.848122527,0.097727936,0.01640004,0.845389412,0.09744154,0.016737302,0.840087206,0.093733879,0.017042656,0.831598266,0.086052771,0.016856283,0.925924986,0.080394973,0.015558257,0.918664765,0.04097098,0.014640394,0.902433062,-0.030346004,0.013484183,0.866422289,-0.158304612,0.010081204,0.78132408,-0.386215223,-0.003472316,1.676620744,-0.628478061,1,4.706463139,0.564681652,0.45018772,-0.000376789,0.520541485,0.246617469,0.035997598,0.50548841,-0.169918473,0.070518482,0.534746895,-0.492193124,0.045821985,0.587020078,-0.518118771,0.014503373
14.35023129,1.023217474,388.8258328,-0.020084229,5.46E-07,6.888773843,7.875491149,0.525181722,1.023217474,0,2.360137266,0.500000028,0,0,0.500000028,0,0,0.500000028,0,0,0.500000028,0,0,0.500000028,0,0,0.632219151,0.008545787,0.024739918,0.728275966,0.016318165,0.016421715,0.773101998,0.044792885,0.016824971,0.800502714,0.062499025,0.016329872,0.818232733,0.076048224,0.016261268,387.2324583,0.004769656,0.00247765,-0.058752741,-0.133982589,-0.002031732,1.013474912,2.575383922,4.724183851,0.861278241,0.09335545,0.015677493,0.860866141,0.097860311,0.016309065,0.858237263,0.09774813,0.016637501,0.853093327,0.09407636,0.016938598,0.844809114,0.086432371,0.016785822,0.933783812,0.079498463,0.015373357,0.927092779,0.039589913,0.014485685,0.911947747,-0.033091453,0.013264806,0.877442576,-0.163012077,0.009979529,0.792295056,-0.392809205,-0.003455316,1.67691399,-0.627235139,1,4.690526249,0.568772786,0.455004604,-0.000348428,0.520859558,0.249721702,0.036090021,0.504153108,-0.170159188,0.070719828,0.534910978,-0.495747574,0.045952471,0.590258739,-0.522582527,0.014513959
14.30023129,1.023425554,388.8264672,-0.02008916,-5.81E-06,6.695192129,8.056464019,0.132254704,1.023425554,0,2.35156559,0.5,0,0,0.5,0,0,0.5,0,0,0.5,0,0,0.5,0,0,0.668532638,-0.02993547,-0.001744891,0.762713803,0.025148094,0.004360385,0.800799006,0.054071611,0.003505027,0.822409314,0.067956996,0.003218944,0.835867703,0.079366164,0.002796638,387.1811038,0.00462055,0.000689777,-0.057830899,-0.13776438,-0.000790637,1.013502196,2.568546751,4.716089945,0.868289854,0.094130577,0.002082683,0.867828171,0.100934689,0.002164466,0.865759855,0.101624257,0.002063038,0.861882576,0.098595737,0.001982679,0.85568911,0.092063945,0.002047484,0.922027278,0.071585074,0.001849036,0.916801956,0.038439469,0.004623263,0.905181875,-0.037280661,0.006154322,0.879607789,-0.175647021,0.001844193,0.814765322,-0.430087506,-0.006081302,1.683014814,-0.619724498,1,4.664029001,0.603138259,0.664647905,0.003053191,0.533163704,0.521755556,0.020886359,0.49978143,-0.174310394,0.060687814,0.546336265,-0.688220654,0.030960025,0.614089571,-0.653814332,0.004736245
14.25023129,1.023598046,388.8268696,-0.020484628,-5.46E-06,6.701523852,8.051951936,0.131720848,1.023598046,0,2.341355488,0.5,0,0,0.5,0,0,0.5,0,0,0.5,0,0,0.5,0,0,0.672132634,-0.025356054,-0.000938504,0.768389816,0.025406124,0.004283447,0.808328094,0.054266275,0.003503756,0.831147505,0.068527922,0.003243955,0.845416688,0.080162213,0.002859808,387.1882898,0.00461317,0.000675723,-0.05848907,-0.138625556,-0.000775895,1.013607717,2.556869219,4.703875661,0.879880758,0.094724819,0.002196637,0.879400341,0.101195315,0.002264018,0.877199606,0.101950289,0.002174343,0.873062679,0.0989047,0.002117315,0.8664661,0.092269832,0.002187418,0.937317744,0.075871874,0.001972378,0.931649771,0.038484223,0.00429754,0.919109518,-0.037475491,0.005638016,0.891677881,-0.175666978,0.001774601,0.82314943,-0.430064142,-0.006034621,1.682911221,-0.618205165,1,4.648130919,0.604399825,0.665601152,0.003038194,0.533319321,0.522381392,0.020840409,0.499598768,-0.17448152,0.06054531,0.547216463,-0.689104955,0.030877178,0.616417086,-0.654466147,0.004734381
14.20023129,1.02378284,388.8272898,-0.020859023,-6.08E-06,6.707217464,8.047987019,0.127553333,1.02378284,0,2.329293614,0.5,0,0,0.5,0,0,0.5,0,0,0.5,0,0,0.5,0,0,0.677052285,-0.027294466,-0.004080626,0.777169843,0.025744852,0.00425373,0.818899254,0.05448809,0.003453493,0.842667521,0.069043133,0.003204669,0.85746095,0.080857282,0.002845792,387.1949053,0.00460329,0.000656324,-0.059437502,-0.13953444,-0.000756471,1.013706624,2.545007634,4.693985441,0.892731699,0.09507852,0.002181042,0.892276931,0.101266151,0.0022592,0.89006685,0.10209747,0.002214016,0.885866421,0.099079099,0.002171865,0.879128957,0.092387006,0.002245559,0.949020918,0.078023939,0.002058301,0.943659332,0.037909227,0.003858714,0.931524641,-0.038363483,0.005152694,0.904056525,-0.176873915,0.001738507,0.83330876,-0.431237911,-0.00599063,1.682872623,-0.616806308,1,4.631944599,0.607142898,0.667193121,0.00302813,0.533919855,0.523520867,0.020780102,0.499190649,-0.174534344,0.060391154,0.548170016,-0.690402425,0.030789052,0.619499744,-0.655743374,0.004732006
14.15023129,1.024074569,388.827817,-0.021048182,-1.70E-05,6.628344798,8.113495593,0.104286127,1.024074569,0,2.317537103,0.5,0,0,0.5,0,0,0.5,0,0,0.5,0,0,0.5,0,0,0.71918209,-0.068326467,-0.0501505,0.81399705,0.026275362,0.002844395,0.848361674,0.055218261,0.003394448,0.866626581,0.070250719,0.003501323,0.877692703,0.082554427,0.003710125,387.1753163,0.004522781,0.000612107,-0.059733423,-0.143437235,-0.000626714,1.013777646,2.541962275,4.691386998,0.90367035,0.09627291,0.003540239,0.903389879,0.102466429,0.003350348,0.901846222,0.10317724,0.003535091,0.898853731,0.101162836,0.003620946,0.893987776,0.094451529,0.003652061,0.944343362,0.075241095,0.00443516,0.940209148,0.025639506,0.003518673,0.931013977,-0.037661524,0.003708494,0.910122475,-0.19822448,0.002175693,0.853026225,-0.463961608,-0.00091179,1.685736791,-0.613925219,1,4.599344912,0.644513143,0.735272144,-0.001680204,0.550089918,0.632616465,0.013803503,0.494617176,-0.095360698,0.038355239,0.552869944,-0.741825836,0.018847893,0.638817332,-0.698286962,0.002501061
14.10023129,1.024259843,388.8282653,-0.021391378,-1.64E-05,6.63802674,8.106343463,0.105746674,1.024259843,0,2.307072865,0.5,0,0,0.5,0,0,0.5,0,0,0.5,0,0,0.5,0,0,0.72218603,-0.064842963,-0.048080646,0.820016393,0.026972793,0.002976965,0.856497986,0.055944358,0.003518683,0.876084876,0.070987451,0.003629043,0.887998466,0.083276514,0.003823589,387.1840374,0.004519633,0.000620391,-0.060450773,-0.144356146,-0.000618131,1.013890655,2.531298166,4.680111942,0.916095303,0.096274369,0.003645591,0.915779999,0.102399971,0.003509664,0.914090425,0.103353249,0.003666282,0.910832308,0.101176383,0.003762638,0.905556415,0.094533453,0.003788438,0.960101642,0.077446202,0.004167269,0.955622036,0.031058256,0.003523043,0.94564083,-0.040788376,0.003599162,0.923098482,-0.194191125,0.002127306,0.862469728,-0.461370013,-0.000923462,1.685438947,-0.612652026,1,4.581748314,0.646021361,0.736614244,-0.001703605,0.550347395,0.633551036,0.013811909,0.494461085,-0.09546936,0.038377114,0.554218699,-0.742947821,0.018852546,0.641812047,-0.699258464,0.00251423
14.05023129,1.024466179,388.8287317,-0.021706018,-1.49E-05,6.644301223,8.102007973,0.100748364,1.024466179,0,2.293619159,0.5,0,0,0.5,0,0,0.5,0,0,0.5,0,0,0.5,0,0,0.727454205,-0.065490847,-0.041932295,0.831222292,0.027799132,0.002874393,0.869505563,0.056710933,0.003378825,0.889850286,0.071541104,0.003502847,0.902092221,0.083710207,0.003649177,387.1913709,0.00451095,0.000593342,-0.061543073,-0.145462818,-0.000583649,1.013994451,2.521164289,4.671983972,0.930279657,0.095643892,0.003427974,0.930004054,0.101743729,0.003279621,0.928365244,0.102992014,0.003439815,0.925154918,0.100745001,0.003537321,0.919904243,0.094227031,0.00357582,0.970232517,0.077287485,0.003587362,0.966565038,0.032697107,0.0031846,0.957877325,-0.044922956,0.003320552,0.936539521,-0.192901737,0.002033722,0.874707861,-0.460463755,-0.000989229,1.685283626,-0.611662209,1,4.563463868,0.65032917,0.739221599,-0.001720636,0.551886042,0.635433215,0.013798059,0.494406596,-0.095008184,0.038341355,0.55587135,-0.744573915,0.018838597,0.646159907,-0.701175533,0.002520534
14.00023129,1.024687393,388.829217,-0.021990237,-1.42E-05,6.646099941,8.101297401,0.099429585,1.024687393,0,2.277997465,0.5,0,0,0.5,0,0,0.5,0,0,0.5,0,0,0.5,0,0,0.737092027,-0.059121284,-0.037985681,0.847654058,0.028674435,0.002837188,0.887840117,0.057264097,0.003327608,0.908358625,0.071758456,0.003473639,0.920274128,0.08375314,0.0036012,387.1969998,0.004496356,0.000594992,-0.062972652,-0.14684413,-0.000573369,1.014078872,2.511586211,4.664820041,0.946021331,0.094667685,0.003333645,0.945849179,0.100831295,0.003208297,0.944490435,0.102395607,0.003366166,0.94173114,0.10016379,0.003489088,0.937088279,0.093801705,0.003528301,0.975332891,0.075859501,0.003443548,0.973050716,0.031712637,0.003055817,0.967199696,-0.048317126,0.003162752,0.9502673,-0.19410667,0.002131203,0.890027158,-0.461218995,-0.000999346,1.68520766,-0.611021274,1,4.545827571,0.655275873,0.741565548,-0.001688925,0.553693428,0.637184365,0.013788705,0.494578784,-0.09415674,0.038314663,0.556645075,-0.745707928,0.018832114,0.649151426,-0.702963385,0.002515872
13.95023129,1.024929308,388.829733,-0.022214587,-1.26E-05,6.628650218,8.116215982,0.099441237,1.024929308,0,2.264723922,0.5,0,0,0.5,0,0,0.5,0,0,0.5,0,0,0.5,0,0,0.753702037,-0.060442859,-0.032783436,0.873065068,0.033074112,0.003338506,0.911845023,0.060126594,0.003386154,0.929864931,0.073031246,0.003499592,0.939719335,0.084530531,0.003557737,387.1975808,0.004465917,0.000548939,-0.063887442,-0.149153065,-0.000548842,1.014160742,2.503531532,4.655647526,0.959475502,0.092292641,0.003401943,0.959381708,0.099110472,0.003374675,0.958431688,0.101616338,0.003482591,0.956454208,0.099689132,0.003540652,0.953048232,0.093895603,0.003539332,0.981108075,0.072433661,0.003053075,0.978964622,0.024352092,0.003194691,0.974249843,-0.060568915,0.002445486,0.961826588,-0.210037218,0.001801775,0.909788393,-0.479807607,-0.000830672,1.685933373,-0.607549995,1,4.526328308,0.664322826,0.757458358,-0.001482772,0.556819209,0.65033971,0.01393451,0.49479548,-0.088874813,0.038588538,0.556496356,-0.754834023,0.019042218,0.652316021,-0.716792496,0.002601451
13.90023129,1.025187217,388.8303426,-0.022330059,-1.08E-05,6.558060673,8.173820832,0.104124928,1.025187217,0,2.254203799,0.5,0,0,0.5,0,0,0.5,0,0,0.5,0,0,0.5,0,0,0.781261204,-0.050349895,-0.019997482,0.899729281,0.032527767,0.003095904,0.934221987,0.059239179,0.003227887,0.948660156,0.071963187,0.003346106,0.956122424,0.083612916,0.003417135,387.1854175,0.00440795,0.000605199,-0.06377433,-0.151994878,-0.000576925,1.014254221,2.500101963,4.650370356,0.970528756,0.091967364,0.003356152,0.970478134,0.098759989,0.003355348,0.96981894,0.101000482,0.003435861,0.968425756,0.099025605,0.003466095,0.966018682,0.093019398,0.003439793,0.98616385,0.073150709,0.003309501,0.984833464,0.028520505,0.003573642,0.981299797,-0.054536047,0.002943653,0.971722236,-0.205859536,0.00212067,0.929432856,-0.481114903,-0.000752309,1.685789032,-0.612932226,1,4.49555517,0.682958899,0.767264601,-0.001426887,0.56442381,0.658668761,0.014049446,0.49426677,-0.084973405,0.038747018,0.559086041,-0.759655681,0.019138389,0.662767422,-0.723982856,0.002602376
13.85023129,1.025794304,388.8311906,-0.02196654,-3.87E-06,6.240926669,8.41841988,-0.069380309,1.025794304,0,2.282544277,0.5,0,0,0.5,0,0,0.5,0,0,0.5,0,0,0.5,0,0,0.885068174,-0.022045873,-0.010091239,0.936298631,0.043670634,-0.003310047,0.950960697,0.067108212,-0.003440337,0.957928527,0.078819153,-0.003622467,0.96200266,0.08997415,-0.003705215,387.1110933,0.00417651,-0.00036521,-0.056627502,-0.166015708,8.22E-05,1.014523095,2.531761466,4.674635428,0.97133828,0.092948904,-0.00360792,0.971286363,0.101197022,-0.003598376,0.970787409,0.104873039,-0.003737495,0.969775613,0.103882362,-0.003640315,0.968100756,0.098727392,-0.00373288,0.983889707,0.071824631,-0.0032843,0.982455038,0.019064079,-0.003472992,0.979160237,-0.066528637,-0.003361187,0.971100283,-0.232013416,-0.001440996,0.944618822,-0.52740698,-0.001377964,1.693703857,-0.606252942,1,4.361290116,0.829373628,0.919222726,0.002125798,0.691567775,1.001586172,0.01211944,0.478928117,0.184081987,0.032202543,0.590993106,-0.976257702,0.017401516,0.756947903,-0.904737768,0.003363011
13.80023129,1.026276463,388.8317824,-0.022016343,4.99E-06,6.164619595,8.475082767,-0.057507861,1.026276463,0,2.289946273,0.5,0,0,0.5,0,0,0.5,0,0,0.5,0,0,0.5,0,0,0.926310342,-0.011154274,0.014688279,0.960528201,0.048343064,-0.001475361,0.969876455,0.072378566,-0.003420859,0.974239555,0.085748479,-0.002870571,0.976782444,0.09604895,-0.003277152,387.0977261,0.004107784,-0.000286004,-0.054821191,-0.173142197,0.000154603,1.0147631,2.541413786,4.679157798,0.982549282,0.092565567,-0.003327745,0.982531033,0.100563671,-0.003015117,0.982234225,0.105189165,-0.003579254,0.981616536,0.105184901,-0.003746059,0.980584767,0.102261912,-0.003769447,0.99020746,0.08005963,-0.003554574,0.989286484,0.012779343,-0.00312195,0.987167329,-0.065826265,-0.000886368,0.981868599,-0.225389046,-0.001982668,0.963610559,-0.549496353,-0.002430095,1.696533142,-0.603819156,1,4.289713431,0.887045822,0.936743788,-0.007294168,0.770360855,1.063119127,0.007163478,0.509081585,0.634794423,0.013702296,0.610389389,-1.052743347,0.010376614,0.806606276,-0.939251871,0.002290921
13.75023129,1.026663678,388.8323328,-0.022131083,-8.54E-06,6.136726961,8.495578167,-0.061284522,1.026663678,0,2.286699726,0.5,0,0,0.5,0,0,0.5,0,0,0.5,0,0,0.5,0,0,0.978244617,-0.049989018,-0.031917556,0.989935497,0.046864231,-0.002435285,0.992354438,0.067307075,-0.002094465,0.993391977,0.076738949,-0.002213534,0.99398223,0.088092751,-0.002055291,387.097692,0.004071383,-0.000364886,-0.054817203,-0.175843992,0.00012952,1.014957572,2.525344657,4.662291577,0.995277808,0.091598338,-0.002320464,0.995279664,0.101492246,-0.002409463,0.995216983,0.105316619,-0.001826547,0.995081451,0.104442846,-0.001856432,0.994850935,0.098201365,-0.001774847,0.996992218,0.05617565,-0.002004943,0.996800216,0.021959373,-0.002034816,0.996293809,-0.087399212,-0.002681361,0.994986703,-0.261887949,-0.002981897,0.989788768,-0.551494793,-0.002587115,1.698276151,-0.602800106,1,4.275895328,0.948497524,0.942027991,-0.006953626,0.796779385,1.058295289,0.006765482,0.514224789,0.657577367,0.011945596,0.605174726,-1.047820805,0.009692363,0.838558405,-0.935246702,0.002118175
13.11765714,1.018172453,388.8189803,0.014187886,6.84E-24,-6.500699552,-8.208823646,7.38E-20,1.018172453,0,2.135196791,0,0,0,0,0,0,0,0,0,0,0,0,0,0,0,0.517935295,-0.024819054,0,0.57972692,0.016681927,0,0.605827332,0.033713178,0,0.625215472,0.051341619,0,0.639959852,0.067021484,0,390.5133047,-0.004967825,-9.20E-22,0.073827072,-0.00286903,-5.29E-22,1.011269075,2.307219766,4.378707794,0.682778742,0.077722874,0,0.678575739,0.077019808,0,0.672937757,0.073723892,0,0.665652625,0.068063972,0,0.656386369,0.060365604,0,0.78601541,0.135106905,0,0.787120517,0.124005634,0,0.783848369,0.093679148,0,0.775420433,0.03747504,0,0.761016682,-0.053695456,0,0.172397868,0.34366752,1,4.296532792,0.556448849,-0.110407524,0,0.579790684,-0.118256296,0,0.598631613,-0.116314156,0,0.613851214,-0.106048742,0,0.626038945,-0.089492394,0
13.06765714,1.018296534,388.8188187,0.014675115,7.57E-24,-6.489064605,-8.218560217,7.47E-20,1.018296534,0,2.136967094,0,0,0,0,0,0,0,0,0,0,0,0,0,0,0,0.522627473,-0.024237295,0,0.581037464,0.017488135,0,0.607441266,0.035060345,0,0.627194341,0.053128486,0,0.642398737,0.069161,0,390.512029,-0.00495497,-1.01E-21,0.07386666,-0.002569437,-5.35E-22,1.011371873,2.292236144,4.364586678,0.689366374,0.083752141,0,0.684667922,0.08244224,0,0.678478831,0.078530509,0,0.670577628,0.072248252,0,0.66060863,0.063911289,0,0.796816188,0.140245661,0,0.798757593,0.129933319,0,0.79615698,0.101167676,0,0.788164054,0.047354688,0,0.773457707,-0.041508321,0,0.175201322,0.346517312,1,4.273867228,0.560347708,-0.119989064,0,0.586052239,-0.124826565,0,0.606333055,-0.119650991,0,0.622490289,-0.10633144,0,0.635264911,-0.08724719,0
13.01765714,1.018426447,388.8186252,0.015158632,8.15E-24,-6.472823683,-8.231895665,7.51E-20,1.018426447,0,2.13731305,0,0,0,0,0,0,0,0,0,0,0,0,0,0,0,0.527561882,-0.023746783,0,0.583569068,0.018316194,0,0.610549549,0.036457872,0,0.630846013,0.05500846,0,0.646607602,0.071401689,0,390.5118834,-0.004937384,-1.09E-21,0.074113827,-0.002056693,-5.39E-22,1.011468644,2.277351089,4.351825774,0.69712446,0.089821632,0,0.69201964,0.087926019,0,0.685364404,0.083420222,0,0.676923691,0.076531084,0,0.666316592,0.067552719,0,0.807570106,0.14449592,0,0.810007043,0.134846751,0,0.80782397,0.107503684,0,0.800114437,0.055850924,0,0.785170921,-0.030817646,0,0.177047229,0.348546836,1,4.25116723,0.563917768,-0.130623019,0,0.591970897,-0.132258023,0,0.613708703,-0.123595708,0,0.630818512,-0.107149181,0,0.644245017,-0.085306251,0
12.96765714,1.018561277,388.8184005,0.01563638,8.60E-24,-6.45281074,-8.248133479,7.53E-20,1.018561277,0,2.136685963,0,0,0,0,0,0,0,0,0,0,0,0,0,0,0,0.532360403,-0.023494766,0,0.587199386,0.019087418,0,0.615023121,0.037933753,0,0.635985242,0.05694598,0,0.652369145,0.07370079,0,390.5126089,-0.004915848,-1.14E-21,0.074514667,-0.001319275,-5.41E-22,1.011560158,2.262572738,4.340243339,0.705872106,0.095718876,0,0.700438666,0.093274444,0,0.693385206,0.088217881,0,0.68448169,0.080755369,0,0.673300547,0.071172329,0,0.818185268,0.147744222,0,0.820874976,0.138582665,0,0.818954683,0.112387256,0,0.811436038,0.062566587,0,0.796336555,-0.022084689,0,0.178111745,0.349856767,1,4.228155103,0.567322532,-0.141838578,0,0.597632721,-0.140258141,0,0.620872715,-0.128029736,0,0.638961492,-0.108356239,0,0.653083564,-0.083787343,0
12.91765714,1.018701974,388.8181375,0.01610199,8.90E-24,-6.424876654,-8.270451995,7.51E-20,1.018701974,0,2.134754779,0,0,0,0,0,0,0,0,0,0,0,0,0,0,0,0.537841721,-0.022385686,0,0.591966807,0.02010319,0,0.620875421,0.039710984,0,0.642646473,0.059272961,0,0.659710833,0.076404714,0,390.515213,-0.004888236,-1.18E-21,0.075070129,-0.000318375,-5.40E-22,1.011646433,2.248260081,4.330358265,0.715581916,0.102387542,0,0.709904729,0.099368945,0,0.702546853,0.093728374,0,0.69325902,0.085652272,0,0.68158808,0.075422695,0,0.828470291,0.150377056,0,0.831241678,0.141423281,0,0.829406384,0.116180739,0,0.822036698,0.068164125,0,0.806851499,-0.014418021,0,0.178193425,0.350337931,1,4.204284018,0.570727771,-0.155812608,0,0.603371349,-0.150300892,0,0.628046543,-0.133778195,0,0.647142314,-0.110237643,0,0.661942676,-0.082479881,0
12.86765714,1.018845177,388.8178395,0.01655265,9.04E-24,-6.390691974,-8.297441351,7.46E-20,1.018845177,0,2.130887972,0,0,0,0,0,0,0,0,0,0,0,0,0,0,0,0.543246099,-0.02268981,0,0.597594696,0.022145687,0,0.627840617,0.042724721,0,0.650548084,0.062890758,0,0.668310531,0.080297103,0,390.5191495,-0.004856451,-1.19E-21,0.075717062,0.000775775,-5.38E-22,1.011729184,2.234318496,4.322500806,0.72592447,0.11132198,0,0.72008943,0.107758421,0,0.712513301,0.101519158,0,0.702926042,0.092783587,0,0.690859286,0.081842816,0,0.838395326,0.152431659,0,0.841107081,0.143282565,0,0.839307046,0.118976124,0,0.832033117,0.072508454,0,0.816844374,-0.008013744,0,0.177654717,0.35005782,1,4.179949869,0.574148645,-0.17809518,0,0.609125815,-0.166109918,0,0.635123516,-0.143208244,0,0.655176946,-0.114015356,0,0.670698566,-0.081456241,0
12.81765714,1.018993747,388.8175034,0.016988741,9.03E-24,-6.349448471,-8.329581561,7.37E-20,1.018993747,0,2.12660312,0,0,0,0,0,0,0,0,0,0,0,0,0,0,0,0.54775961,-0.022436173,0,0.604122985,0.023660917,0,0.635917996,0.045427633,0,0.659618607,0.066193187,0,0.678084455,0.083866797,0,390.5244772,-0.004819014,-1.19E-21,0.076442687,0.002187613,-5.34E-22,1.011810069,2.220817008,4.31578074,0.736917448,0.118566981,0,0.7309897,0.114602316,0,0.72326328,0.107952129,0,0.713452543,0.098757338,0,0.701062474,0.087281313,0,0.848257009,0.15321928,0,0.850827152,0.143688553,0,0.849007192,0.119911083,0,0.841806931,0.074314062,0,0.826651316,-0.004730602,0,0.176177569,0.349002656,1,4.154456275,0.577994144,-0.198982307,0,0.614963359,-0.180718224,0,0.642294417,-0.151971743,0,0.663198156,-0.117593434,0,0.679405689,-0.080956613,0
12.76765714,1.019150057,388.8171239,0.017403864,8.89E-24,-6.297933003,-8.369123868,7.26E-20,1.019150057,0,2.119436425,0,0,0,0,0,0,0,0,0,0,0,0,0,0,0,0.553520664,-0.02097836,0,0.611335076,0.025002397,0,0.644899001,0.047934548,0,0.669732468,0.069248461,0,0.68891604,0.087262454,0,390.5319017,-0.004774568,-1.17E-21,0.077317208,0.003718521,-5.27E-22,1.0118923,2.20894472,4.31163143,0.748466654,0.125053711,0,0.742483527,0.120747599,0,0.734681804,0.113763978,0,0.724727891,0.104170755,0,0.712096001,0.092195893,0,0.857850023,0.153531374,0,0.860291538,0.144067915,0,0.858455075,0.12026517,0,0.851343879,0.074828273,0,0.836318706,-0.003350473,0,0.173660935,0.347218302,1,4.127644568,0.582402881,-0.21986781,0,0.621258851,-0.195466909,0,0.649749762,-0.160867156,0,0.671502042,-0.12153789,0,0.688358345,-0.081146257,0
12.71765714,1.019310397,388.8167082,0.0177954,1.07E-23,-6.239023786,-8.413660259,6.77E-20,1.019310397,0,2.109481254,0,0,0,0,0,0,0,0,0,0,0,0,0,0,0,0.558539479,-0.018744998,0,0.618781949,0.027357042,0,0.654416269,0.051396575,0,0.680456305,0.07318613,0,0.700373125,0.091422136,0,390.5405806,-0.004726187,-1.41E-21,0.078262788,0.005206522,-4.89E-22,1.011977871,2.198428035,4.311059025,0.760355126,0.132082395,0,0.754356529,0.127565711,0,0.746509198,0.120376206,0,0.736461814,0.110522489,0,0.723642627,0.098170873,0,0.867210641,0.154330876,0,0.869522791,0.144489282,0,0.867690118,0.119953963,0,0.860731119,0.074597917,0,0.845930167,-0.00354634,0,0.170648997,0.345020438,1,4.09868883,0.587759461,-0.245577915,0,0.628153179,-0.213507562,0,0.657661534,-0.171679923,0,0.68012234,-0.126585777,0,0.697472034,-0.081792339,0
12.66765714,1.01946501,388.8162669,0.018151816,8.27E-24,-6.173639844,-8.462390377,6.99E-20,1.01946501,0,2.089509917,0,0,0,0,0,0,0,0,0,0,0,0,0,0,0,0.560727159,-0.009632974,0,0.624924284,0.03795651,0,0.66325873,0.064664588,0,0.690842768,0.086293722,0,0.711553421,0.102930599,0,390.549761,-0.00467939,-1.07E-21,0.079107146,0.005853275,-5.12E-22,1.01207443,2.191985658,4.321280134,0.771905966,0.148691117,0,0.765895574,0.144575103,0,0.758017012,0.137797554,0,0.747892525,0.128326077,0,0.734919827,0.116192784,0,0.87593741,0.157651648,0,0.878182251,0.145956076,0,0.876402509,0.119401803,0,0.869638832,0.072327349,0,0.855143923,-0.007402558,0,0.16833819,0.342109508,1,4.064881433,0.595070264,-0.314232383,0,0.636026938,-0.259379048,0,0.66588578,-0.198332092,0,0.688625837,-0.139038555,0,0.706200167,-0.084536851,0
12.61765714,1.019605408,388.815908,0.018559191,8.57E-24,-6.168149968,-8.467004015,6.98E-20,1.019605408,0,2.076721346,0,0,0,0,0,0,0,0,0,0,0,0,0,0,0,0.562875634,-0.00903621,0,0.629858323,0.03866803,0,0.670087127,0.065449073,0,0.698981765,0.087004127,0,0.720571302,0.103523601,0,390.5455447,-0.004664215,-1.10E-21,0.080029037,0.005936941,-5.14E-22,1.012166164,2.181669247,4.314375626,0.782924046,0.149138255,0,0.776772318,0.145056118,0,0.768684278,0.13833046,0,0.758255383,0.128921846,0,0.744850073,0.11686553,0,0.886757445,0.15771313,0,0.888912655,0.146084847,0,0.887127149,0.119606347,0,0.880435839,0.072465352,0,0.865982883,-0.007513733,0,0.169683651,0.342953902,1,4.044890924,0.599262278,-0.319436273,0,0.641149635,-0.262602287,0,0.671785538,-0.200134244,0,0.695185147,-0.139936343,0,0.713314923,-0.084929021,0
12.56765714,1.019829519,388.8153201,0.018829372,7.48E-24,-6.048644733,-8.553168243,6.66E-20,1.019829519,0,2.063136932,0,0,0,0,0,0,0,0,0,0,0,0,0,0,0,0.585217273,-0.049041118,0,0.642089675,0.063162832,0,0.6871896,0.097600976,0,0.717556272,0.104580853,0,0.739201587,0.116268252,0,390.5706225,-0.004574741,-9.72E-22,0.080154791,0.013759687,-4.91E-22,1.012164717,2.206868634,4.343020066,0.802247296,0.154964597,0,0.796550784,0.151776258,0,0.789032801,0.146222047,0,0.779196896,0.138059819,0,0.766320853,0.127827836,0,0.88979283,0.157543163,0,0.891509475,0.14894381,0,0.889745481,0.122213177,0,0.883888846,0.069271052,0,0.870642507,-0.010890665,0,0.162608732,0.335750146,1,3.954631511,0.621291089,-0.500153648,0,0.656300474,-0.328483315,0,0.682396979,-0.241208095,0,0.701570503,-0.169821416,0,0.719205889,-0.099779968,0
12.51765714,1.01996533,388.8149339,0.019201796,7.82E-24,-6.047583643,-8.554544281,6.68E-20,1.01996533,0,2.052382597,0,0,0,0,0,0,0,0,0,0,0,0,0,0,0,0.58574577,-0.047660087,0,0.647051679,0.063426777,0,0.693747334,0.097361921,0,0.725248436,0.104699515,0,0.74767359,0.116414185,0,390.5651112,-0.004564018,-1.01E-21,0.080897737,0.013806021,-4.94E-22,1.01225817,2.195791495,4.334897655,0.812530097,0.15523691,0,0.806704389,0.152043449,0,0.798986634,0.146478604,0,0.788867264,0.138321186,0,0.775593444,0.128078506,0,0.901358915,0.158145833,0,0.903119023,0.148691193,0,0.901374875,0.121733532,0,0.895373502,0.069452149,0,0.88196064,-0.011729907,0,0.164677218,0.337125014,1,3.934585397,0.624937155,-0.501501769,0,0.660822669,-0.329915234,0,0.687923355,-0.241751764,0,0.708122401,-0.169798157,0,0.726259463,-0.099947215,0
12.46765714,1.020109863,388.8145268,0.019556812,8.13E-24,-6.044998139,-8.55700351,6.68E-20,1.020109863,0,2.041329768,0,0,0,0,0,0,0,0,0,0,0,0,0,0,0,0.587118347,-0.046014066,0,0.653443136,0.06370416,0,0.702034505,0.097101875,0,0.734768966,0.10481834,0,0.757963289,0.116547848,0,390.560026,-0.004551256,-1.05E-21,0.081795635,0.014096106,-4.97E-22,1.012345515,2.184871401,4.328638507,0.824158455,0.155413604,0,0.818287317,0.152233463,0,0.810465224,0.14667091,0,0.800166476,0.138533609,0,0.786596586,0.128292518,0,0.91178705,0.158367886,0,0.913464949,0.148075667,0,0.911775133,0.120840104,0,0.905896875,0.06900459,0,0.892778683,-0.013283106,0,0.166422315,0.338311135,1,3.912817466,0.629421758,-0.503331385,0,0.666395141,-0.331790962,0,0.694637534,-0.242666248,0,0.715920405,-0.170087934,0,0.73461008,-0.100436901,0
12.41765714,1.020296672,388.8140058,0.019850791,7.85E-24,-5.997265847,-8.59107292,6.57E-20,1.020296672,0,2.031822642,0,0,0,0,0,0,0,0,0,0,0,0,0,0,0,0.59137876,-0.037403456,0,0.667499014,0.063950038,0,0.717506135,0.094410622,0,0.750466705,0.104130079,0,0.773425509,0.116007152,0,390.5648417,-0.004505507,-1.01E-21,0.082840874,0.016200219,-4.92E-22,1.012429476,2.174787142,4.338261038,0.837352932,0.154317413,0,0.831777029,0.151375728,0,0.82431089,0.145957555,0,0.814436062,0.138021262,0,0.801339018,0.127831384,0,0.919633952,0.154880178,0,0.9211453,0.140718257,0,0.919523153,0.112854685,0,0.913937533,0.062551761,0,0.901542653,-0.025986648,0,0.163569584,0.336185959,1,3.872786321,0.638491312,-0.514744496,0,0.677001988,-0.343685949,0,0.706656637,-0.249278051,0,0.729087187,-0.173436459,0,0.747914008,-0.104500978,0
12.36765714,1.020483774,388.8134868,0.020119382,7.98E-24,-5.953933604,-8.62172432,6.52E-20,1.020483774,0,2.022856776,0,0,0,0,0,0,0,0,0,0,0,0,0,0,0,0.59731735,-0.033571821,0,0.682120755,0.064255599,0,0.7333924,0.092923636,0,0.766454177,0.103961662,0,0.789095336,0.115914116,0,390.5694897,-0.004466254,-1.03E-21,0.084005191,0.018001142,-4.90E-22,1.012506823,2.166405467,4.345028158,0.850642188,0.154432401,0,0.845369142,0.151563811,0,0.838271989,0.146154133,0,0.828834381,0.138189844,0,0.816238975,0.127930839,0,0.927532786,0.156975541,0,0.928893497,0.145211675,0,0.927353834,0.115638655,0,0.922086846,0.063331804,0,0.910407398,-0.026731414,0,0.162110659,0.336017647,1,3.833366742,0.647967872,-0.52383655,0,0.687842634,-0.352738056,0,0.71858503,-0.254750625,0,0.741860179,-0.176914473,0,0.760806788,-0.108599089,0
12.31765714,1.020668485,388.8129772,0.020386433,8.03E-24,-5.925682361,-8.641759557,6.46E-20,1.020668485,0,2.01088084,0,0,0,0,0,0,0,0,0,0,0,0,0,0,0,0.604775024,-0.02877264,0,0.696789874,0.064662793,0,0.749538457,0.092507363,0,0.782694524,0.104058432,0,0.805020137,0.1160241,0,390.5702563,-0.0044348,-1.04E-21,0.085104044,0.019620919,-4.89E-22,1.01258301,2.15888061,4.3488957,0.864130046,0.154542617,0,0.859172675,0.151823532,0,0.852463378,0.146495493,0,0.843481832,0.138585721,0,0.831407331,0.128322443,0,0.935470113,0.156312573,0,0.936667083,0.142640728,0,0.935204262,0.113156983,0,0.930251168,0.060034143,0,0.919260671,-0.031346744,0,0.161355001,0.335705018,1,3.798999994,0.656958884,-0.531018759,0,0.698280799,-0.35974619,0,0.73006571,-0.259413389,0,0.754112932,-0.180287299,0,0.773225945,-0.112325741,0
12.26765714,1.020851154,388.812478,0.020641435,8.24E-24,-5.907794357,-8.654616902,6.44E-20,1.020851154,0,1.998974109,0,0,0,0,0,0,0,0,0,0,0,0,0,0,0,0.611683086,-0.025776263,0,0.711506272,0.065247377,0,0.765896704,0.092552139,0,0.799242333,0.104518776,0,0.821213368,0.116470477,0,390.5689123,-0.004410803,-1.07E-21,0.086155317,0.021180204,-4.89E-22,1.012654246,2.152564809,4.351941328,0.877821749,0.154916944,0,0.873194305,0.152281246,0,0.866890663,0.147042834,0,0.858397422,0.139204016,0,0.846876162,0.128964046,0,0.943190007,0.15615274,0,0.94422653,0.142255325,0,0.942847789,0.112234118,0,0.938269742,0.058019005,0,0.92805243,-0.035147277,0,0.161764877,0.336282683,1,3.764176897,0.66646623,-0.537369091,0,0.70922914,-0.365595681,0,0.741937735,-0.263551178,0,0.766560384,-0.183554068,0,0.785823227,-0.115891929,0
12.21765714,1.021036205,388.8119784,0.020879936,1.61E-23,-5.895085752,-8.663916794,1.17E-19,1.021036205,0,1.987636592,0,0,0,0,0,0,0,0,0,0,0,0,0,0,0,0.619354666,-0.022148017,0,0.726828445,0.066389457,0,0.782876437,0.093236885,0,0.816282157,0.105443084,0,0.837804059,0.117352242,0,390.5664161,-0.004390434,-1.10E-21,0.087078002,0.022930272,-4.91E-22,1.012721588,2.147381105,4.355444901,0.891686736,0.15533469,0,0.887409262,0.152851503,0,0.881544492,0.147757601,0,0.873578213,0.140049446,0,0.862672628,0.129901575,0,0.950721708,0.155784309,0,0.951612568,0.141398463,0,0.950338968,0.11037846,0,0.946166655,0.05490399,0,0.936817996,-0.040234615,0,0.162738927,0.337134992,1,3.727194545,0.676834957,-0.544325139,0,0.720913343,-0.372212462,0,0.754454695,-0.268570729,0,0.779523878,-0.187742694,0,0.798866238,-0.120280644,0
12.16765714,1.021226735,388.8114753,0.021097824,8.73E-24,-5.884701593,-8.671637417,6.39E-20,1.021226735,0,1.977054419,0,0,0,0,0,0,0,0,0,0,0,0,0,0,0,0.62816787,-0.018110586,0,0.74341726,0.068637492,0,0.800979845,0.094719354,0,0.834195684,0.106979724,0,0.85505389,0.118859095,0,390.5634024,-0.004372477,-1.14E-21,0.087901064,0.024849765,-4.92E-22,1.012785888,2.14309344,4.359584791,0.905703884,0.155812942,0,0.901813488,0.153645196,0,0.896439789,0.148735041,0,0.889084274,0.141230997,0,0.878907979,0.131255635,0,0.958026707,0.156035495,0,0.958781322,0.141254021,0,0.95763179,0.108591066,0,0.953912929,0.051824445,0,0.945504865,-0.046831678,0,0.164182165,0.338220186,1,3.687924493,0.688373182,-0.553540862,0,0.733818264,-0.381226236,0,0.768077807,-0.275691747,0,0.793460679,-0.194059931,0,0.812795774,-0.126485547,0
12.11765714,1.021432833,388.8109466,0.021284214,8.92E-24,-5.867139782,-8.68417727,6.36E-20,1.021432833,0,1.966210389,0,0,0,0,0,0,0,0,0,0,0,0,0,0,0,0.639085446,-0.014260384,0,0.763717882,0.070502185,0,0.822126818,0.09608485,0,0.85437508,0.10823802,0,0.873995322,0.120029516,0,390.5619218,-0.00434915,-1.18E-21,0.088626308,0.027438862,-4.93E-22,1.012845386,2.141454015,4.367124606,0.920157438,0.156042056,0,0.916741803,0.154042794,0,0.911990145,0.149369642,0,0.905432601,0.142086902,0,0.896258515,0.132292174,0,0.964677499,0.154242315,0,0.965261505,0.13862847,0,0.964260572,0.105945357,0,0.961076938,0.047569706,0,0.953772882,-0.053945185,0,0.164973701,0.338966755,1,3.642868133,0.702452529,-0.564216585,0,0.749078534,-0.39125464,0,0.783843061,-0.283947674,0,0.809277368,-0.201499116,0,0.828370997,-0.13379541,0
12.06765714,1.021656736,388.8104025,0.021438818,-4.88E-22,-5.844540166,-8.700071333,-4.93E-18,1.021656736,0,1.956605183,0,0,0,0,0,0,0,0,0,0,0,0,0,0,0,0.655027551,-0.006916225,0,0.788252244,0.073468944,0,0.846247068,0.098274858,0,0.876419532,0.110073762,0,0.894116459,0.121672502,0,390.5619451,-0.00432335,5.53E-22,0.089099255,0.030832505,1.93E-20,1.012896507,2.143858109,4.377609169,0.934557653,0.156309356,0,0.931688501,0.154627303,0,0.92766894,0.150267306,0,0.922077641,0.143253245,0,0.914165666,0.133697342,0,0.970840438,0.154352301,0,0.971285708,0.138123449,0,0.970431436,0.103526956,0,0.967770483,0.042571255,0,0.96160805,-0.063926318,0,0.165731528,0.339747706,1,3.589584683,0.720149445,-0.579097241,0,0.767603617,-0.405500398,0,0.80233834,-0.296033783,0,0.827326029,-0.212292457,0,0.845743226,-0.14472831,0
12.01765714,1.021893928,388.8098442,0.021560298,9.35E-24,-5.816470498,-8.719538617,6.26E-20,1.021893928,0,1.947126775,0,0,0,0,0,0,0,0,0,0,0,0,0,0,0,0.673972778,-0.000414759,0,0.81636795,0.076759251,0,0.872102202,0.100794282,0,0.89903564,0.111905285,0,0.91424673,0.123376048,0,390.5627884,-0.004295701,-1.26E-21,0.089307308,0.034526515,-4.92E-22,1.012951624,2.148377092,4.389552104,0.948228573,0.156744035,0,0.945905868,0.155264087,0,0.942639058,0.151152279,0,0.938069214,0.14442337,0,0.931546858,0.135079775,0,0.977591571,0.153557682,0,0.977947619,0.136042915,0,0.97718676,0.100686845,0,0.974883865,0.037770368,0,0.969586525,-0.072624944,0,0.166501448,0.340725714,1,3.532601172,0.741045679,-0.595949617,0,0.788951699,-0.421166644,0,0.823151248,-0.309342434,0,0.847262509,-0.224529742,0,0.864677201,-0.15690189,0
11.96765714,1.022158766,388.8092639,0.021641572,9.49E-24,-5.778403154,-8.745497384,6.18E-20,1.022158766,0,1.93861588,0,0,0,0,0,0,0,0,0,0,0,0,0,0,0,0.700870181,0.006987703,0,0.851348697,0.081906826,0,0.901235022,0.104815828,0,0.923289757,0.114661221,0,0.935312357,0.125798588,0,390.5661298,-0.004262292,-1.31E-21,0.089100309,0.039389763,-4.90E-22,1.012998693,2.158786577,4.407175115,0.96199126,0.157423646,0,0.960233831,0.156449572,0,0.957753623,0.152649576,0,0.954268347,0.146269963,0,0.949264903,0.13719823,0,0.983599307,0.153455855,0,0.983840183,0.135359021,0,0.9832836,0.097701564,0,0.981572848,0.030608397,0,0.97748336,-0.087687482,0,0.166953648,0.34138974,1,3.463079571,0.769572403,-0.621118822,0,0.816525458,-0.444457297,0,0.848994096,-0.329739313,0,0.871237494,-0.243390855,0,0.886900736,-0.175382458,0
11.91765714,1.022523187,388.8085964,0.021633042,9.29E-24,-5.698128822,-8.79872273,6.02E-20,1.022523187,0,1.931656494,0,0,0,0,0,0,0,0,0,0,0,0,0,0,0,0.772879419,0.039099405,0,0.909190112,0.094382557,0,0.939996496,0.113554418,0,0.95221967,0.120575043,0,0.958913579,0.130987064,0,390.5816617,-0.004196432,-1.33E-21,0.087072871,0.049846668,-4.79E-22,1.012993442,2.198521326,4.444344341,0.974881512,0.159289547,0,0.973884355,0.159046139,0,0.972476245,0.156015434,0,0.970497844,0.150141622,0,0.967674688,0.14166962,0,0.987678256,0.153378831,0,0.987820712,0.132926684,0,0.987296322,0.092268576,0,0.985881102,0.019625431,0,0.982447978,-0.110639369,0,0.164500235,0.340078788,1,3.343134981,0.827441169,-0.679879653,0,0.864868775,-0.499205389,0,0.888644082,-0.378011918,0,0.903840726,-0.287959149,0,0.91437921,-0.217631341,0
11.86765714,1.022923154,388.8079377,0.021592924,9.16E-24,-5.617192927,-8.851584035,5.85E-20,1.022923154,0,2.062609384,0,0,0,0,0,0,0,0,0,0,0,0,0,0,0,0.905175084,0.111711172,0,0.960861452,0.114671012,0,0.971915596,0.125415064,0,0.977015006,0.135472438,0,0.980049159,0.150830534,0,390.6169923,-0.004079907,-1.48E-21,0.069005274,0.101095329,-4.39E-22,1.012346455,2.369445356,4.535619822,0.987744795,0.164187567,0,0.987305799,0.167421201,0,0.986654978,0.168517371,0,0.985716569,0.163867468,0,0.98435944,0.155839158,0,0.993747633,0.147976972,0,0.993712487,0.117686424,0,0.993321189,0.069886938,0,0.992336167,-0.033936151,0,0.989829561,-0.209147455,0,0.163165407,0.339165823,1,2.899982581,0.866642011,-0.816016095,0,0.881152875,-0.662262839,0,0.893731081,-0.548487687,0,0.904003208,-0.459857391,0,0.912328396,-0.389902598,0
11.396236073238626,1.0222960721661287,388.8020292673818,0.024275040458887433,-1.6099606626744882e-24,-6.4490267096119815,-7.567134531175938,4.1393167467667304e-20,1.0222960721661287,0.0,2.0455276084010503,1.0,0.0,0.0,1.0,0.0,0.0,1.0,0.0,0.0,1.0,0.0,0.0,1.0,0.0,0.0,1.0,0.0,0.0,1.0,0.0,0.0,1.0,0.0,0.0,1.0,0.0,0.0,1.0,0.0,0.0,390.53588350507073,-0.00371115435718067,-1.0357080068512916e-21,0.11492729678194877,0.1285346426865994,-4.910325191952462e-22,1.0122686823098104,2.045527608401051,3.6525904282182626,1.0,0.0,0.0,1.0,0.0,0.0,1.0,0.0,0.0,1.0,0.0,0.0,1.0,0.0,0.0,1.0,0.0,0.0,1.0,0.0,0.0,1.0,0.0,0.0,1.0,0.0,0.0,1.0,0.0,0.0,0.10471975511965977,0.31415926535897937,1.0,3.6525904282182626,1.0,0.0,0.0,1.0,0.0,0.0,1.0,0.0,0.0,1.0,0.0,0.0,1.0,0.0,0.0
